feature id	COVID_minus_CAP	COVID_minus_HC	Mean_COVID_change	CAP_minus_HC
1.10.2.2	0.16	0.215	0.1875	0.055
1.1.1.1	0.33045	0.89975	0.6151	0.5693
1.1.1.100	0.0676	0.7595	0.41355	0.6919
1.11.1.15	1.5916	1.5605	1.57605	-0.0311
1.11.1.21	0.513	0.8835	0.69825	0.3705
1.11.1.6	0.5076	0.8295	0.66855	0.3219
1.1.1.169	-0.1326	-0.1005	-0.11655	0.0321
1.1.1.18	0.207	0.318	0.2625	0.111
1.1.1.205	0.37265	0.99875	0.6857	0.6261
1.1.1.22	0.8008	1.3805	1.09065	0.5797
1.1.1.23	-0.13195	-0.15375	-0.14285	-0.0218
1.1.1.25	0.301	0.7290000000000001	0.515	0.428
1.1.1.261	1.15935	1.41125	1.2853	0.2519
1.1.1.262	1.077	1.2309999999999999	1.1540000000000001	0.154
1.1.1.267	-0.647	0.0835	-0.28175	0.7305
1.1.1.27	0.7066	1.176	0.9413	0.4694
1.1.1.290	-0.7358	-0.0245	-0.38015	0.7113
1.1.1.3	-0.0158	0.20600000000000002	0.0951	0.2218
1.1.1.304	0.96895	0.84425	0.9066	-0.1247
1.1.1.31	0.14	0.17600000000000002	0.158	0.036000000000000004
1.1.1.34	0.2746	0.8045	0.53955	0.5299
1.1.1.36	0.3112	0.8240000000000001	0.5676	0.5128
1.1.1.37	0.617	0.7155	0.66625	0.0985
1.1.1.38	0.6304	0.586	0.6082	-0.0444
1.1.1.40	0.6288	0.948	0.7884	0.3192
1.1.1.405	0.8036	1.0	0.9018	0.1964
1.1.1.42	0.3518	0.9065	0.62915	0.5547
1.1.1.44	1.1726	1.2105	1.19155	0.0379
1.1.1.49	1.7714	2.075	1.9232	0.3036
1.1.1.58	0.64	0.5	0.57	-0.14
1.1.1.60	0.2828	0.4665	0.37465	0.1837
1.1.1.85	-0.4838	0.149	-0.1674	0.6328
1.1.1.86	0.55445	0.87175	0.7131	0.3173
1.1.1.94	0.3389	0.2615	0.3002	-0.0774
1.1.1.95	0.43705	0.67175	0.5544	0.2347
1.13.11.1	-0.17800000000000002	0.0	-0.08900000000000001	0.17800000000000002
1.13.11.11	0.19805	0.84325	0.52065	0.6452
1.13.11.15	0.184	0.25	0.217	0.066
1.13.11.20	0.2434	0.225	0.2342	-0.0184
1.13.11.3	0.4064	0.3505	0.37845	-0.0559
1.13.11.5	0.5328	0.589	0.5609	0.0562
1.13.11.79	0.3216	-0.001	0.1603	-0.3226
1.13.12.16	0.4137	0.368	0.39085	-0.0457
1.13.12.4	0.62	0.5	0.56	-0.12
1.14.12.1	0.14	0.45	0.295	0.31
1.14.12.22	0.73625	0.87625	0.80625	0.14
1.14.14.1	0.08625	0.09375	0.09	0.0075
1.14.14.18	0.4244	0.3465	0.38545	-0.0779
1.14.14.35	0.1864	0.5	0.3432	0.3136
1.14.14.5	0.039	0.425	0.23199999999999998	0.386
1.14.14.9	-0.0348	0.2	0.0826	0.2348
1.14.15.3	-0.2398	-0.233	-0.2364	0.0068
1.14.16.1	-0.006999999999999999	0.3255	0.15925	0.3325
1.14.99.1	-0.0244	0.1625	0.06905	0.1869
1.14.99.60	0.1	0.45	0.275	0.35
1.1.5.12	0.7212	0.878	0.7996	0.1568
1.1.5.3	-0.239	-0.3325	-0.28575	-0.0935
1.1.5.4	-0.1917	0.1475	-0.0221	0.3392
1.16.3.1	-0.26735	-0.05325	-0.1603	0.2141
1.17.1.4	0.0782	0.3455	0.21185	0.2673
1.17.1.8	0.469	0.5865	0.52775	0.1175
1.17.1.9	0.7190000000000001	1.1909999999999998	0.955	0.47200000000000003
1.17.4.1	2.5494	3.5245	3.03695	0.9751
1.17.7.3	0.8694	1.4135	1.14145	0.5441
1.17.7.4	0.0536	0.47700000000000004	0.2653	0.4234
1.18.1.2	0.6944	0.618	0.6562	-0.0764
1.1.98.6	1.2242	1.3735	1.29885	0.1493
1.1.99.3	1.13315	1.14875	1.14095	0.0156
1.2.1.11	0.70715	0.64575	0.67645	-0.0614
1.2.1.12	1.7636	2.7489999999999997	2.2563	0.9854
1.2.1.19	-0.2152	0.2685	0.02665	0.4837
1.2.1.27	0.5895	0.2845	0.43700000000000006	-0.305
1.2.1.38	-0.29515	0.12975	-0.0827	0.4249
1.2.1.41	-0.96145	-1.77975	-1.3706	-0.8183
1.21.4.1	0.2906	-0.071	0.1098	-0.3616
1.2.1.70	0.239	0.31	0.2745	0.071
1.2.1.71	0.11555	0.40375	0.25965	0.2882
1.2.1.72	0.265	0.375	0.32	0.11
1.2.1.8	0.743	0.9155	0.82925	0.1725
1.2.3.3	1.8908	2.1	1.9954	0.2092
1.2.4.1	2.1368	1.273	1.7049	-0.8638
1.2.4.2	0.13745	0.12625	0.13185	-0.0112
1.2.4.4	0.3684	0.153	0.2607	-0.2154
1.2.7.3	1.044	0.9215	0.98275	-0.1225
1.3.1.12	0.37475	0.31425	0.3445	-0.0605
1.3.1.83	0.4508	0.1	0.2754	-0.3508
1.3.1.9	0.4192	0.5485	0.48385	0.1293
1.3.1.98	1.4401	1.859	1.64955	0.4189
1.3.3.3	0.11975	-0.15875	-0.0195	-0.2785
1.3.5.1	1.0916	1.5935	1.34255	0.5019
1.3.5.2	-0.0918	-0.2285	-0.16015	-0.1367
1.3.5.4	0.8316	0.85	0.8408	0.0184
1.3.8.4	-0.1342	0.252	0.0589	0.3862
1.3.98.3	0.1466	0.17	0.1583	0.0234
1.4.1.1	0.3701	0.0595	0.2148	-0.3106
1.4.1.14	-0.2136	0.55	0.1682	0.7636
1.4.1.16	0.4592	0.6	0.5296	0.1408
1.4.1.2	-0.7526	-0.9309999999999999	-0.8418	-0.1784
1.4.1.21	0.1274	0.2025	0.16495	0.0751
1.4.3.16	-1.1266	-0.278	-0.7023	0.8486
1.4.3.19	0.31555	0.28775	0.30165	-0.0278
1.4.3.5	-1.1534	-1.6275	-1.39045	-0.4741
1.4.4.2	1.5298	1.6980000000000002	1.6139	0.1682
1.5.1.2	0.4108	0.75	0.5804	0.3392
1.5.1.20	1.349	1.5875	1.46825	0.2385
1.5.1.3	0.2213	0.4295	0.3254	0.2082
1.5.1.38	0.0762	0.125	0.1006	0.0488
1.5.3.1	0.565	2.7765	1.67075	2.2115
1.5.99.12	-0.1378	-0.025	-0.0814	0.1128
1.6.1.1	0.2252	0.5	0.3626	0.2748
1.6.1.2	0.45285	0.00775	0.2303	-0.4451
1.6.5.11	0.7872	1.0065	0.89685	0.2193
1.6.5.2	0.62485	0.72125	0.67305	0.0964
1.6.5.3	0.8404	0.879	0.8597	0.0386
1.7.1.13	0.6832	1.1	0.8916	0.4168
1.7.1.7	-0.04715	0.02925	-0.00895	0.0764
1.7.2.2	0.1782	0.276	0.2271	0.0978
1.7.2.3	0.0374	0.525	0.2812	0.4876
1.7.2.4	0.0926	0.125	0.1088	0.0324
1.7.3.3	-0.1218	-0.8715	-0.49665	-0.7497
1.7.5.1	0.46385	1.04625	0.75505	0.5824
1.7.99.1	0.8370000000000001	0.875	0.856	0.038
1.8.1.2	-0.3752	-1.0045	-0.68985	-0.6293
1.8.1.4	2.19475	2.48025	2.3375	0.2855
1.8.1.7	1.0097	1.369	1.18935	0.3593
1.8.1.9	0.9337	1.239	1.08635	0.3053
1.8.4.8	-0.5792	0.3	-0.1396	0.8792
1.9.3.1	1.2542	0.40700000000000003	0.8306	-0.8472
1.9.6.1	-0.3648	-0.3165	-0.34065	0.0483
2.10.1.1	-0.56645	-0.88825	-0.72735	-0.3218
2.1.1.13	-2.0124	-1.1365	-1.57445	0.8759
2.1.1.132	-0.5014	-0.7120000000000001	-0.6067	-0.2106
2.1.1.14	0.4102	0.914	0.6621	0.5038
2.1.1.163	0.9078	0.946	0.9269	0.0382
2.1.1.17	1.3892	1.1515	1.27035	-0.2377
2.1.1.195	0.281	0.4625	0.37175	0.1815
2.1.1.197	-0.3602	-0.025	-0.1926	0.3352
2.1.1.37	0.21600000000000003	-0.6525	-0.21825	-0.8685
2.1.1.43	0.05065	-0.40075	-0.17505	-0.4514
2.1.1.44	0.2614	0.6525	0.45695	0.3911
2.1.1.45	1.3254	1.4285	1.37695	0.1031
2.1.2.1	-1.7616	-0.85	-1.3058	0.9116
2.1.2.10	-0.99875	-1.59525	-1.297	-0.5965
2.1.2.11	-3.4416	-3.2	-3.3208	0.2416
2.1.2.2	-0.4632	0.05	-0.2066	0.5132
2.1.2.5	-0.0922	-0.879	-0.4856	-0.7868
2.1.2.9	-0.29	-0.4	-0.345	-0.11
2.1.3.2	0.1844	0.0515	0.11795	-0.1329
2.1.3.3	0.17775	0.90425	0.541	0.7265
2.2.1.1	0.16899999999999998	0.552	0.3605	0.38299999999999995
2.2.1.2	0.1912	1.2495	0.72035	1.0583
2.2.1.6	0.7064	1.828	1.2672	1.1216
2.2.1.7	-0.1758	0.3685	0.09635	0.5443
2.2.1.9	-0.0886	-0.5905	-0.33955	-0.5019
2.3.1.1	1.0514	1.3535	1.20245	0.3021
2.3.1.109	-0.125	-0.22899999999999998	-0.177	-0.10400000000000001
2.3.1.117	0.1308	0.0895	0.11015	-0.0413
2.3.1.12	-0.08615	-1.67375	-0.87995	-1.5876
2.3.1.129	-0.0962	0.077	-0.0096	0.1732
2.3.1.15	-0.56145	-0.46775	-0.5146	0.0937
2.3.1.16	-0.3948	-0.05	-0.2224	0.3448
2.3.1.168	-0.0414	0.3035	0.13105	0.3449
2.3.1.174	0.67955	0.96775	0.82365	0.2882
2.3.1.180	0.8829	1.275	1.07895	0.3921
2.3.1.181	-0.1336	-0.20199999999999999	-0.1678	-0.0684
2.3.1.182	-0.8346	0.025	-0.4048	0.8596
2.3.1.184	-0.3718	-0.29100000000000004	-0.3314	0.0808
2.3.1.20	-1.0366	-1.273	-1.1548	-0.2364
2.3.1.247	0.1403	0.1275	0.1339	-0.0128
2.3.1.274	0.7088	1.051	0.8799	0.3422
2.3.1.275	0.46875	0.52875	0.49875	0.06
2.3.1.286	-0.3342	0.375	0.0204	0.7092
2.3.1.30	-0.1248	-0.2855	-0.20515	-0.1607
2.3.1.31	-0.2046	0.067	-0.0688	0.2716
2.3.1.37	-0.6784	-0.8455	-0.76195	-0.1671
2.3.1.39	0.3244	0.7495	0.53695	0.4251
2.3.1.47	-0.2804	-0.289	-0.2847	-0.0086
2.3.1.5	-0.0954	0.122	0.0133	0.2174
2.3.1.54	1.4874	1.425	1.4562	-0.0624
2.3.1.57	-0.0758	0.6315	0.27785	0.7073
2.3.1.61	-0.5526	-0.07200000000000001	-0.3123	0.4806
2.3.1.8	0.639	0.55	0.5945	-0.08900000000000001
2.3.1.89	0.7212	0.55	0.6356	-0.1712
2.3.3.10	0.34875	0.71875	0.53375	0.37
2.3.3.13	0.4561	0.546	0.50105	0.0899
2.3.3.15	0.48885	0.75125	0.62005	0.2624
2.3.3.9	-0.4423	0.2135	-0.1144	0.6558
2.4.1.1	1.1659	1.272	1.21895	0.1061
2.4.1.109	0.0502	-0.025	0.0126	-0.0752
2.4.1.11	0.6542	0.875	0.7646	0.2208
2.4.1.12	0.56855	0.81775	0.69315	0.2492
2.4.1.129	0.89205	0.95475	0.9234	0.0627
2.4.1.145	0.69	0.6005	0.64525	-0.0895
2.4.1.15	-0.7174	-0.5725	-0.64495	0.1449
2.4.1.16	0.1208	0.0635	0.09215	-0.0573
2.4.1.18	1.1272	1.3780000000000001	1.2526	0.2508
2.4.1.182	-0.2196	-0.2	-0.2098	0.0196
2.4.1.21	-0.1484	-1.064	-0.6062	-0.9156
2.4.1.227	0.4426	0.3175	0.38005	-0.1251
2.4.1.25	0.87265	0.71625	0.79445	-0.1564
2.4.1.255	-0.2926	-0.308	-0.3003	-0.0154
2.4.1.5	0.889	0.925	0.907	0.036000000000000004
2.4.1.80	-0.4112	0.15	-0.1306	0.5612
2.4.2.1	0.552	0.7140000000000001	0.633	0.162
2.4.2.10	0.39015	0.49375	0.44195	0.1036
2.4.2.14	-0.1542	0.2725	0.05915	0.4267
2.4.2.17	-0.1126	0.325	0.1062	0.4376
2.4.2.18	0.2853	0.6245	0.4549	0.3392
2.4.2.21	-0.27795	-0.21025	-0.2441	0.0677
2.4.2.22	0.2888	0.65	0.4694	0.3612
2.4.2.3	0.7490000000000001	0.775	0.762	0.026000000000000002
2.4.2.4	-0.1612	0.239	0.0389	0.4002
2.4.2.43	0.7686	0.925	0.8468	0.1564
2.4.2.53	0.0794	0.025	0.0522	-0.0544
2.4.2.7	0.6824	0.997	0.8397	0.3146
2.4.2.8	1.1822	1.0515	1.11685	-0.1307
2.4.2.9	2.12945	2.74875	2.4391	0.6193
2.4.99.12	0.38545	0.27975	0.3326	-0.1057
2.4.99.16	0.1618	0.3575	0.25965	0.1957
2.5.1.101	0.0256	0.25	0.1378	0.2244
2.5.1.141	0.2972	0.6890000000000001	0.4931	0.3918
2.5.1.15	-0.0484	0.1095	0.03055	0.1579
2.5.1.16	-1.06385	-2.49425	-1.77905	-1.4304
2.5.1.17	0.4108	0.358	0.3844	-0.0528
2.5.1.18	-0.0525	0.1355	0.0415	0.188
2.5.1.19	-0.2711	-0.757	-0.51405	-0.4859
2.5.1.3	-0.3132	-0.5955	-0.45435	-0.2823
2.5.1.39	0.26	0.85	0.555	0.59
2.5.1.47	1.8868	2.0175	1.95215	0.1307
2.5.1.48	0.2336	0.35	0.2918	0.1164
2.5.1.54	-0.1864	0.204	0.0088	0.3904
2.5.1.55	0.3704	0.3	0.3352	-0.0704
2.5.1.6	1.03535	1.47375	1.25455	0.4384
2.5.1.61	0.1506	0.2025	0.17655	0.0519
2.5.1.7	0.44125	-0.88825	-0.2235	-1.3295
2.5.1.74	0.3122	0.11800000000000001	0.2151	-0.1942
2.5.1.75	0.9538	1.3305	1.14215	0.3767
2.5.1.78	0.0736	0.3	0.1868	0.2264
2.5.1.9	0.7026	0.875	0.7888	0.1724
2.6.1.1	-0.657	-2.501	-1.579	-1.844
2.6.1.13	0.6804	0.7015	0.69095	0.0211
2.6.1.16	1.86015	1.84575	1.85295	-0.0144
2.6.1.37	0.2298	-0.179	0.0254	-0.4088
2.6.1.42	-0.0904	0.016	-0.0372	0.1064
2.6.1.52	0.2324	0.17800000000000002	0.2052	-0.0544
2.6.1.62	0.3058	0.684	0.4949	0.3782
2.6.1.76	-0.45	-0.204	-0.327	0.24600000000000002
2.6.1.82	0.02	0.3	0.16	0.28
2.6.1.85	0.1528	-0.17600000000000002	-0.0116	-0.3288
2.6.1.87	0.3966	0.675	0.5358	0.2784
2.6.1.9	-0.87755	-0.32725	-0.6024	0.5503
2.6.99.2	-0.055999999999999994	-0.057	-0.0565	-0.001
2.7.10.2	0.1024	-0.873	-0.3853	-0.9754
2.7.1.1	-0.532	-1.112	-0.8220000000000001	-0.58
2.7.1.100	-1.66005	-1.51675	-1.5884	0.1433
2.7.1.107	0.13055	0.03825	0.0844	-0.0923
2.7.1.11	1.50005	1.11375	1.3069	-0.3863
2.7.11.1	0.6384	0.4895	0.56395	-0.1489
2.7.1.121	1.3434	1.375	1.3592	0.0316
2.7.11.24	-0.12795	0.02925	-0.04935	0.1572
2.7.1.130	-0.54635	-0.53975	-0.54305	0.0066
2.7.1.148	0.0516	-0.1535	-0.05095	-0.2051
2.7.1.15	-0.24395	-0.14925	-0.1966	0.0947
2.7.1.19	1.2632	1.15	1.2066	-0.1132
2.7.1.199	1.1378	0.725	0.9314	-0.4128
2.7.1.2	0.8499	0.924	0.88695	0.0741
2.7.1.202	0.53725	0.65125	0.59425	0.114
2.7.1.207	0.9024	0.9	0.9012	-0.0024
2.7.1.21	1.3272	1.4435	1.38535	0.1163
2.7.1.23	1.3965	2.166	1.78125	0.7695
2.7.1.24	0.83515	1.12275	0.97895	0.2876
2.7.1.25	0.46975	0.44725	0.4585	-0.0225
2.7.1.30	1.29045	0.85375	1.0721	-0.4367
2.7.1.33	0.7358	0.317	0.5264	-0.4188
2.7.1.35	1.1583	1.284	1.22115	0.1257
2.7.1.36	0.5062	0.15	0.3281	-0.3562
2.7.1.39	0.0664	0.51	0.2882	0.4436
2.7.1.40	1.3298	1.3915	1.36065	0.0617
2.7.1.48	0.6958	0.767	0.7314	0.0712
2.7.1.49	0.43700000000000006	0.523	0.48	0.086
2.7.1.56	1.8116	2.028	1.9198	0.2164
2.7.1.58	-0.5248	0.011000000000000001	-0.2569	0.5358
2.7.1.6	-0.2978	-0.3885	-0.34315	-0.0907
2.7.1.60	0.9616	0.7	0.8308	-0.2616
2.7.1.71	0.6164	0.7705	0.69345	0.1541
2.7.2.1	1.7619999999999998	1.479	1.6205	-0.28300000000000003
2.7.2.11	-0.1714	-0.15	-0.1607	0.0214
2.7.2.2	-0.1094	-0.2685	-0.18895	-0.1591
2.7.2.3	0.6298	0.8440000000000001	0.7369	0.2142
2.7.2.4	0.21835	0.23425	0.2263	0.0159
2.7.2.8	0.308	0.7345	0.52125	0.4265
2.7.4.1	-0.7842	-0.8155	-0.79985	-0.0313
2.7.4.16	-0.7142	-0.8029999999999999	-0.7586	-0.0888
2.7.4.2	0.5256	0.55	0.5378	0.0244
2.7.4.22	1.3108	1.5945	1.45265	0.2837
2.7.4.23	0.04595	0.10875	0.07735	0.0628
2.7.4.25	1.0348	1.5445	1.28965	0.5097
2.7.4.3	1.1088	1.0515	1.08015	-0.0573
2.7.4.6	0.55385	1.19275	0.8733	0.6389
2.7.4.8	1.9280000000000002	2.129	2.0285	0.201
2.7.4.9	0.307	0.1135	0.21025	-0.1935
2.7.6.1	0.23800000000000002	0.5165	0.37725	0.2785
2.7.6.2	0.4878	0.128	0.3079	-0.3598
2.7.6.3	-0.2472	-0.0255	-0.13635	0.2217
2.7.7.12	0.389	0.3265	0.35775	-0.0625
2.7.7.13	-0.5436	0.0885	-0.22755	0.6321
2.7.7.18	0.5442	0.6745	0.60935	0.1303
2.7.7.24	1.472	1.7025	1.58725	0.2305
2.7.7.27	0.61025	0.53425	0.57225	-0.076
2.7.7.3	0.68215	0.74025	0.7112	0.0581
2.7.7.38	0.5870000000000001	0.669	0.628	0.08199999999999999
2.7.7.39	1.085	1.075	1.08	-0.01
2.7.7.4	-0.30375	0.10675	-0.0985	0.4105
2.7.7.6	1.0506	0.8895	0.97005	-0.1611
2.7.7.60	-0.0572	-0.2145	-0.13585	-0.1573
2.7.7.7	0.1898	-1.425	-0.6176	-1.6148
2.7.7.77	-0.0898	-0.062	-0.0759	0.0278
2.7.7.8	2.1774	1.723	1.9502	-0.4544
2.7.7.9	0.7226	0.732	0.7273	0.0094
2.7.8.13	0.3404	0.052000000000000005	0.1962	-0.2884
2.7.8.24	0.275	0.025	0.15	-0.25
2.7.8.26	-1.27575	-2.87175	-2.07375	-1.5959999999999999
2.7.8.37	0.6524	0.8565	0.75445	0.2041
2.7.8.5	-0.5252	-0.3525	-0.43885	0.1727
2.7.8.7	0.30245	0.16375	0.2331	-0.1387
2.7.8.8	0.0648	0.3	0.1824	0.2352
2.7.9.1	0.2684	0.2795	0.27395	0.0111
2.7.9.2	-0.11585	0.07125	-0.0223	0.1871
2.7.9.3	0.4417	0.6920000000000001	0.56685	0.2503
2.8.1.1	-0.1788	0.25	0.0356	0.4288
2.8.1.10	-0.4382	-0.6315	-0.53485	-0.1933
2.8.1.12	0.57215	0.60275	0.58745	0.0306
2.8.1.4	0.5682	0.6735	0.62085	0.1053
2.8.1.6	0.5692	0.6755	0.62235	0.1063
2.8.1.7	0.70105	0.63675	0.6689	-0.0643
2.8.1.8	0.18175	0.63375	0.40775	0.452
2.9.1.1	-0.11795	-0.69575	-0.40685	-0.5778
3.1.1.11	0.7324	0.451	0.5917	-0.2814
3.11.1.1	0.2764	0.25	0.2632	-0.0264
3.1.1.14	0.4218	0.325	0.3734	-0.0968
3.1.1.22	-0.0314	-0.225	-0.1282	-0.1936
3.1.1.23	0.345	0.425	0.385	0.08
3.1.1.24	-0.2904	0.3	0.0048	0.5904
3.1.1.31	-2.6794	-3.3645	-3.02195	-0.6851
3.1.1.47	-0.70635	-1.38175	-1.04405	-0.6754
3.1.2.12	0.5881	0.519	0.55355	-0.0691
3.1.2.6	-0.03055	-0.14125	-0.0859	-0.1107
3.1.3.1	0.45399999999999996	0.5995	0.52675	0.1455
3.1.3.11	0.07705	-0.28075	-0.10185	-0.3578
3.1.3.15	-0.315	-0.0505	-0.18275	0.2645
3.1.3.16	0.9378	0.7275	0.83265	-0.2103
3.1.3.18	0.5798	0.875	0.7274	0.2952
3.1.3.2	0.9861	0.7040000000000001	0.84505	-0.2821
3.1.3.25	0.012	-0.0015	0.00525	-0.0135
3.1.3.27	0.16935	-0.92375	-0.3772	-1.0931
3.1.3.3	-0.1298	0.225	0.0476	0.3548
3.1.3.5	0.66395	0.57075	0.61735	-0.0932
3.1.3.7	0.2344	-0.0815	0.07645	-0.3159
3.1.3.70	0.7354	1.125	0.9302	0.3896
3.1.3.77	0.5732	0.45	0.5116	-0.1232
3.1.4.11	0.099	-0.08900000000000001	0.005	-0.188
3.1.4.14	0.868	0.4715	0.66975	-0.3965
3.1.4.3	0.4496	0.2915	0.37055	-0.1581
3.1.4.39	1.055	0.975	1.015	-0.08
3.1.4.4	-0.6804	-0.8955	-0.78795	-0.2151
3.1.4.53	-0.0374	0.036000000000000004	-0.0007	0.0734
3.1.4.55	0.1332	0.7	0.4166	0.5668
3.1.5.1	0.042	0.55	0.29600000000000004	0.508
3.1.6.14	-0.10355	-1.07975	-0.59165	-0.9762
3.2.1.1	0.8759999999999999	0.9575	0.91675	0.0815
3.2.1.113	1.0776	1.3445	1.21105	0.2669
3.2.1.14	-1.2412	-3.415	-2.3281	-2.1738
3.2.1.141	-0.3584	-0.7305	-0.54445	-0.3721
3.2.1.18	-1.7237	-2.228	-1.97585	-0.5043
3.2.1.22	-0.7592	-1.147	-0.9531	-0.3878
3.2.1.23	0.81435	0.62675	0.72055	-0.1876
3.2.1.26	0.7647	0.688	0.72635	-0.0767
3.2.1.28	-0.6776	-1.496	-1.0868	-0.8184
3.2.1.51	0.05625	0.00375	0.03	-0.0525
3.2.1.52	-0.4108	-0.643	-0.5269	-0.2322
3.2.1.85	0.86625	1.00625	0.93625	0.14
3.2.1.93	1.105	1.225	1.165	0.12
3.2.2.4	-2.5064	-2.45	-2.4782	0.0564
3.2.2.9	0.723	0.825	0.774	0.102
3.3.1.1	-0.3972	-0.043	-0.2201	0.3542
3.3.2.6	0.0978	-0.314	-0.1081	-0.4118
3.4.11.1	0.17035	-0.09375	0.0383	-0.2641
3.4.11.2	-1.08	-2.4455	-1.76275	-1.3655
3.4.11.5	-0.39735	-1.78225	-1.0898	-1.3849
3.4.16.4	0.2246	0.4995	0.36205	0.2749
3.5.1.1	1.1875	1.6975	1.4425	0.51
3.5.1.10	0.0886	0.375	0.2318	0.2864
3.5.1.108	1.1525	1.1925	1.1725	0.04
3.5.1.16	-0.15275	0.08075	-0.036000000000000004	0.2335
3.5.1.18	-0.1878	-0.4085	-0.29815	-0.2207
3.5.1.2	0.4616	0.612	0.5368	0.1504
3.5.1.23	-0.2536	-0.15	-0.2018	0.1036
3.5.1.25	-0.4063	-0.745	-0.57565	-0.3387
3.5.1.4	1.0338	1.275	1.1544	0.2412
3.5.1.47	1.0192	1.35	1.1846	0.3308
3.5.1.5	0.0736	0.11900000000000001	0.0963	0.0454
3.5.1.53	0.1634	0.175	0.1692	0.0116
3.5.1.54	-0.0826	-0.3805	-0.23155	-0.2979
3.5.1.9	1.2548	0.78	1.0174	-0.4748
3.5.1.96	-0.0168	-0.153	-0.0849	-0.1362
3.5.2.3	0.15	0.287	0.2185	0.13699999999999998
3.5.2.5	0.21375	0.46525	0.3395	0.2515
3.5.2.6	1.3854	1.225	1.3052	-0.1604
3.5.2.7	-0.07955	0.19575	0.0581	0.2753
3.5.2.9	0.2078	0.475	0.3414	0.2672
3.5.3.11	0.22899999999999998	0.2755	0.25225	0.0465
3.5.3.12	0.3068	0.423	0.3649	0.1162
3.5.3.23	0.1647	0.3675	0.2661	0.2028
3.5.3.26	-0.1412	0.35	0.1044	0.4912
3.5.3.4	-0.0384	-0.015	-0.0267	0.0234
3.5.3.6	0.2748	0.5265	0.40065	0.2517
3.5.3.8	0.2924	0.21	0.2512	-0.0824
3.5.4.12	0.39515	0.38225	0.3887	-0.0129
3.5.4.16	0.4382	1.128	0.7831	0.6898
3.5.4.19	1.0278	0.975	1.0014	-0.0528
3.5.4.2	-0.4696	-0.0085	-0.23905	0.4611
3.5.4.25	-0.0609	0.3835	0.1613	0.4444
3.5.4.3	-0.0702	0.825	0.3774	0.8952
3.5.4.44	0.18	0.25	0.215	0.07
3.5.4.6	-0.5432	-0.1545	-0.34885	0.3887
3.5.99.6	0.52675	0.98075	0.75375	0.45399999999999996
3.5.99.7	0.885	0.8690000000000001	0.877	-0.016
3.6.1.1	0.99065	1.36225	1.17645	0.3716
3.6.1.12	-0.39825	-1.99225	-1.19525	-1.594
3.6.1.15	-3.9114	-0.9045	-2.40795	3.0069
3.6.1.22	-0.043	0.0	-0.0215	0.043
3.6.1.23	-0.0488	0.301	0.1261	0.3498
3.6.1.27	-0.2542	-0.07	-0.1621	0.1842
3.6.1.40	0.14225	0.46175	0.302	0.3195
3.6.1.41	-0.0438	-0.025	-0.0344	0.0188
3.6.1.54	0.5479999999999999	0.809	0.6785	0.261
3.6.1.63	0.15	0.0285	0.08925	-0.1215
3.6.1.66	-0.17375	-0.59725	-0.3855	-0.4235
3.6.1.67	1.3792	3.3289999999999997	2.3541	1.9498
3.6.1.9	0.1196	0.4	0.2598	0.2804
3.6.3.10	0.10505	-0.13925	-0.0171	-0.2443
3.6.3.14	-0.5908	-0.3975	-0.49415	0.1933
3.6.3.25	1.5274	2.4555	1.99145	0.9281
3.6.3.6	0.45775	0.73125	0.5945	0.2735
3.7.1.12	0.13665	0.22875	0.1827	0.0921
3.7.1.2	0.12455	0.29025	0.2074	0.1657
3.7.1.3	-0.5196	-1.1205	-0.82005	-0.6009
3.8.1.2	0.5592	0.4495	0.50435	-0.1097
4.1.1.15	2.418	2.4290000000000003	2.4235	0.011000000000000001
4.1.1.17	0.5760000000000001	0.96	0.768	0.384
4.1.1.19	-0.3498	0.0145	-0.16765	0.3643
4.1.1.20	3.07505	3.74625	3.41065	0.6712
4.1.1.23	0.1602	-0.1425	0.00885	-0.3027
4.1.1.3	-0.4882	-1.5730000000000002	-1.0306	-1.0848
4.1.1.31	-0.4687	-0.521	-0.49485	-0.0523
4.1.1.32	0.8071	0.951	0.87905	0.1439
4.1.1.33	0.223	0.3745	0.29875	0.1515
4.1.1.36	1.0066	1.125	1.0658	0.1184
4.1.1.37	-0.0814	0.1485	0.03355	0.2299
4.1.1.39	-0.3488	-0.919	-0.6339	-0.5702
4.1.1.4	1.02325	1.40375	1.2135	0.3805
4.1.1.47	-0.2398	0.275	0.0176	0.5148
4.1.1.48	0.034	0.003	0.0185	-0.031
4.1.1.49	1.14035	1.17325	1.1568	0.0329
4.1.1.50	0.0089	-0.113	-0.05205	-0.1219
4.1.1.65	0.59145	0.15875	0.3751	-0.4327
4.1.1.77	-0.0158	0.475	0.2296	0.4908
4.1.1.81	-0.3172	-0.195	-0.2561	0.1222
4.1.1.98	-0.0696	-0.1065	-0.08805	-0.0369
4.1.2.13	0.4114	1.272	0.8417	0.8606
4.1.2.14	-0.008	-0.08800000000000001	-0.048	-0.08
4.1.2.25	0.1514	0.1505	0.15095	-0.0009
4.1.2.4	-0.16715	0.75475	0.2938	0.9219
4.1.2.40	2.345	2.425	2.385	0.08
4.1.2.44	1.00405	1.06825	1.03615	0.0642
4.1.2.48	-0.2494	0.025	-0.1122	0.2744
4.1.2.52	0.2604	0.2	0.2302	-0.0604
4.1.2.53	0.2138	0.575	0.3944	0.3612
4.1.3.1	-0.1904	0.4	0.1048	0.5904
4.1.3.27	-0.575	-0.5365	-0.55575	0.0385
4.1.3.30	-0.0892	0.3	0.1054	0.3892
4.1.3.36	0.5016	0.163	0.3323	-0.3386
4.1.3.38	-0.5224	-1.281	-0.9017	-0.7586
4.1.3.39	0.5074	0.525	0.5162	0.0176
4.1.3.4	0.4114	0.675	0.5432	0.2636
4.1.3.40	-0.2414	-0.325	-0.2832	-0.0836
4.1.99.12	0.25455	0.55475	0.40465	0.3002
4.1.99.17	-0.04845	0.05175	0.00165	0.1002
4.1.99.22	-1.15695	-0.61725	-0.8871	0.5397
4.2.1.1	0.0884	0.299	0.1937	0.2106
4.2.1.10	0.1897	0.3905	0.2901	0.2008
4.2.1.109	0.7794	0.625	0.7022	-0.1544
4.2.1.11	0.972	1.4795	1.22575	0.5075
4.2.1.126	0.30295	0.24675	0.27485	-0.0562
4.2.1.134	0.379	0.27699999999999997	0.32799999999999996	-0.102
4.2.1.19	0.4445	0.7595	0.602	0.315
4.2.1.2	-0.4556	0.055	-0.2003	0.5106
4.2.1.20	-1.0857	-0.87	-0.97785	0.2157
4.2.1.24	-0.2588	-0.0075	-0.13315	0.2513
4.2.1.3	0.5672	0.3395	0.45335	-0.2277
4.2.1.33	0.5496	0.7555	0.65255	0.2059
4.2.1.46	0.64125	1.08225	0.86175	0.441
4.2.1.47	-0.09405	-0.88225	-0.48815	-0.7882
4.2.1.49	0.4992	0.542	0.5206	0.0428
4.2.1.51	-0.0002	-0.1715	-0.08585	-0.1713
4.2.1.59	0.5770000000000001	0.525	0.551	-0.052000000000000005
4.2.1.68	0.494	0.75	0.622	0.256
4.2.1.70	0.9620000000000001	0.68	0.821	-0.282
4.2.1.75	-0.26835	-0.45375	-0.36105	-0.1854
4.2.1.79	0.2782	0.475	0.3766	0.1968
4.2.1.8	0.7	0.685	0.6925	-0.015
4.2.1.84	0.0668	-0.4455	-0.18935	-0.5123
4.2.1.9	0.1664	0.8775	0.52195	0.7111
4.2.1.96	0.2202	0.1135	0.16685	-0.1067
4.2.2.3	0.1724	0.65	0.4112	0.4776
4.2.3.4	0.1722	0.2735	0.22285	0.1013
4.2.3.5	2.93775	4.04625	3.492	1.1085
4.3.1.1	0.92615	1.06175	0.99395	0.1356
4.3.1.17	0.99155	1.09825	1.0449	0.1067
4.3.1.18	-0.79235	0.61075	-0.0908	1.4031
4.3.1.19	-0.452	-0.8785	-0.66525	-0.4265
4.3.1.3	0.6966	0.5935	0.64505	-0.1031
4.3.1.7	0.14685	0.45275	0.2998	0.3059
4.3.2.1	0.5579	1.0575	0.8077	0.4996
4.3.2.10	0.2928	0.731	0.5119	0.4382
4.3.2.2	0.69	1.155	0.9225	0.465
4.3.3.7	0.107	0.6415	0.37425	0.5345
4.3.99.3	0.75085	0.75525	0.75305	0.0044
4.4.1.17	0.72	0.85	0.785	0.13
4.4.1.19	0.048	0.3	0.174	0.252
4.4.1.22	0.0934	0.221	0.1572	0.1276
4.4.1.5	0.75	1.3395	1.04475	0.5895
4.4.1.8	0.2012	0.9495	0.57535	0.7483
4.6.1.1	-0.3534	0.0745	-0.13945	0.4279
4.6.1.12	-0.23600000000000002	-0.15	-0.193	0.086
4.6.1.17	0.1392	0.35	0.2446	0.2108
4.7.1.1	0.2726	0.225	0.2488	-0.0476
4.99.1.1	0.3166	0.5589999999999999	0.4378	0.2424
4.99.1.3	0.3327	-0.028999999999999998	0.15185	-0.3617
5.1.1.1	1.1104	2.58	1.8452	1.4696
5.1.1.3	-0.8278	-0.3905	-0.60915	0.4373
5.1.1.7	-0.0136	-0.177	-0.0953	-0.1634
5.1.3.1	-0.0766	0.555	0.2392	0.6316
5.1.3.15	-0.2872	0.0	-0.1436	0.2872
5.1.3.2	0.3826	0.396	0.3893	0.0134
5.1.3.20	0.077	0.23	0.1535	0.153
5.1.3.3	0.204	0.531	0.3675	0.327
5.1.3.4	0.6858	0.925	0.8054	0.2392
5.1.99.1	0.5682	0.475	0.5216	-0.0932
5.3.1.1	0.3482	1.208	0.7781	0.8598
5.3.1.14	0.7054	0.775	0.7402	0.0696
5.3.1.16	0.2685	0.1915	0.23	-0.077
5.3.1.22	0.0748	0.75	0.4124	0.6752
5.3.1.23	-0.0534	-0.49200000000000005	-0.2727	-0.4386
5.3.1.24	0.6298	0.7755	0.70265	0.1457
5.3.1.26	1.08265	1.26625	1.17445	0.1836
5.3.1.28	0.2918	0.375	0.3334	0.0832
5.3.1.4	-1.7412	-2.0695	-1.90535	-0.3283
5.3.1.6	-0.0634	-0.1815	-0.12245	-0.1181
5.3.1.8	-1.7630000000000001	-2.3365	-2.04975	-0.5735
5.3.1.9	0.44299999999999995	0.46	0.4515	0.017
5.3.3.1	0.1994	0.225	0.2122	0.0256
5.3.3.10	0.2846	0.1755	0.23005	-0.1091
5.4.2.10	1.8368	1.986	1.9114	0.1492
5.4.2.11	1.21185	1.30475	1.2583	0.0929
5.4.2.12	2.4730000000000003	2.4165	2.44475	-0.0565
5.4.2.7	0.42975	0.50375	0.46675	0.07400000000000001
5.4.3.8	1.544	1.9480000000000002	1.746	0.40399999999999997
5.4.4.2	0.8054	0.636	0.7207	-0.1694
5.4.99.15	-0.2866	-0.867	-0.5768	-0.5804
5.4.99.16	0.4616	0.9	0.6808	0.4384
5.4.99.18	0.1688	0.1805	0.17465	0.0117
5.4.99.5	0.28545	0.71725	0.50135	0.4318
5.4.99.9	1.5142	1.525	1.5196	0.0108
5.5.1.2	-0.4902	-0.4775	-0.48385	0.0127
6.1.1.1	0.11595	0.17725	0.1466	0.0613
6.1.1.10	0.27375	0.68925	0.4815	0.4155
6.1.1.11	1.07355	1.83275	1.45315	0.7592
6.1.1.14	1.8479	1.8119999999999998	1.82995	-0.0359
6.1.1.15	-1.845	-2.125	-1.985	-0.28
6.1.1.16	0.5438	0.4825	0.51315	-0.0613
6.1.1.17	0.898	1.1355	1.01675	0.2375
6.1.1.18	0.1448	-0.08800000000000001	0.0284	-0.2328
6.1.1.19	0.35675	0.92325	0.64	0.5665
6.1.1.2	1.854	1.6805	1.76725	-0.1735
6.1.1.20	0.3376	0.3255	0.33155	-0.0121
6.1.1.21	0.3927	0.4385	0.4156	0.0458
6.1.1.22	0.8566	0.998	0.9273	0.1414
6.1.1.3	0.655	0.85	0.7525	0.195
6.1.1.4	1.0098	0.6375	0.82365	-0.3723
6.1.1.5	0.6444	0.948	0.7962	0.3036
6.1.1.6	2.5576	2.4115	2.48455	-0.1461
6.1.1.7	0.2932	-0.319	-0.0129	-0.6122
6.1.1.9	0.88	1.155	1.0175	0.275
6.2.1.1	-0.44765	0.20025	-0.1237	0.6479
6.2.1.16	0.2778	0.3555	0.31665	0.0777
6.2.1.17	0.8496	1.22	1.0348	0.3704
6.2.1.26	0.2182	0.2675	0.24285	0.0493
6.2.1.3	0.212	0.131	0.1715	-0.081
6.2.1.5	0.9068	1.3845	1.14565	0.4777
6.3.1.1	0.69125	0.65125	0.67125	-0.04
6.3.1.2	-0.1626	0.4755	0.15645	0.6381
6.3.1.20	1.3274	0.5205	0.92395	-0.8069
6.3.1.5	0.4902	0.4205	0.45535	-0.0697
6.3.2.1	-0.75335	-1.18975	-0.97155	-0.4364
6.3.2.10	-0.4294	-0.125	-0.2772	0.3044
6.3.2.17	0.68655	0.70825	0.6974	0.0217
6.3.2.2	-0.414	-0.7425	-0.57825	-0.3285
6.3.2.3	-0.1127	-0.0685	-0.0906	0.0442
6.3.2.4	0.21755	-0.56075	-0.1716	-0.7783
6.3.2.5	0.6638	0.5805	0.62215	-0.0833
6.3.2.6	0.1258	0.3715	0.24865	0.2457
6.3.2.8	1.29175	1.12925	1.2105	-0.1625
6.3.2.9	0.1222	0.0695	0.09585	-0.0527
6.3.3.1	-0.1982	0.1695	-0.01435	0.3677
6.3.3.3	-0.2818	-0.47100000000000003	-0.3764	-0.1892
6.3.4.13	-0.1168	0.152	0.0176	0.2688
6.3.4.15	1.26135	1.06925	1.1653	-0.1921
6.3.4.2	1.6662	1.9525	1.80935	0.2863
6.3.4.20	0.6646	0.7765	0.72055	0.1119
6.3.4.21	-0.0976	1.111	0.5067	1.2086
6.3.4.3	0.6449	0.447	0.54595	-0.1979
6.3.4.4	0.723	1.6840000000000002	1.2035	0.961
6.3.4.5	0.40755	1.15475	0.78115	0.7472
6.3.5.2	0.89275	1.31225	1.1025	0.4195
6.3.5.3	-0.1469	0.815	0.33405	0.9619
6.3.5.4	-0.88355	-0.89525	-0.8894	-0.0117
6.3.5.5	0.51575	0.61575	0.56575	0.1
6.3.5.7	0.214	0.1785	0.19625	-0.0355
6.4.1.1	0.45005	0.49075	0.4704	0.0407
6.4.1.2	0.5084	0.496	0.5022	-0.0124
6.6.1.1	-1.3386	-3.7889999999999997	-2.5638	-2.4504
6.6.1.2	0.1218	0.235	0.1784	0.1132
