Feature,COVID8,COVID7,COVID6,COVID5,COVID4,COVID3,COVID2,COVID1,HC1,HC2,HC3,HC4,HC5,HC6,HC7,HC8,HC9,HC10,HC11,HC12,HC13,HC14,HC15,HC16,HC17,HC18,HC19,HC20,CAP1,CAP2,CAP3,CAP4,CAP5,CAP6,CAP7,CAP8,CAP9,CAP10,CAP11,CAP12,CAP13,CAP14,CAP15,CAP16,CAP17,CAP18,CAP19,CAP20,CAP21,CAP22,CAP23,CAP24,CAP25
1.10.2.2,2,2,2,1,4,2,2,3,2.54,2.97,2,2,2,2.1,2.16,2,2,2,4,3,2.93,3,2,3,3,3,2,3,3,4,3,2,2,2.75,2,2,3,3,2,2,2,1,2,3,2,4,3,3,2,3,3,2,4
1.1.1.1,4,6,1,1,3.33,2,3,2,2,2.54,2,2,2,2,4,3,2.31,2,2,3,3.97,2,2,2.01,2,2,2,3,3,3.25,4,2,4,3,4,2,3,2,2,2,3,2,3.94,3,3,2,4,3,3,3,3.82,3,3.01
1.1.1.100,2,6,2,2,3,3,4,4,2,3,2,3.73,3.43,3,3,3,3,3,2,5,3,4,3,3.57,3,3,2,2.08,3.19,4,3.99,3,3,4,5,4,2.07,2.97,5,2,5,1,4,3.93,2.12,4.78,8,4,3.01,3,3,3,5
1.11.1.15,5,9,4,2,6,5,8,5,4,4,7,5,5,8,3,4,3,5,2.5,5,4,4.6,4,4,3,3.99,5.7,4,4,3,4.07,4,4,5,5,4,4,3.77,5,3,5,3,5.41,5,4,6,8,4,3,4.96,3,5,5
1.11.1.21,5,3,3,2,4,2,4,2,3,3,3,3,3,2,2,3,2.13,4,3,4,3,2.29,2,2,2.43,2.98,2,3,2.85,3,3,3,5,3,2.82,3,2.25,2,3,6,3,3,3,3,3.99,3,2,2,2.98,2,2.93,4.97,3.01
1.11.1.6,3,4.44,3,2,5,8,3,5,3,5,3,3.05,3,3,3,5,3,4,3,3.99,4.97,4,3,4,3,6,6,4,3,4,4,3,3,4,4,4,5,4,3,4,5,3.16,6,4,3.15,5,8,4,4,4,4,4,5
1.1.1.169,1,4,2,2,3,2,3,2,3,3,2.96,3,3,2,3,3,3,3,3,5,3,2,2.55,3,3,3,3,3,2,4,3,4,2.18,3,3,2,4,2,5,3,2,2,2,3.01,2,4,6,2,3,3,3,3,3
1.1.1.18,1,1,3,1,2,2,2,1,2,2,2,2,2,1,2,2,2,2,2,2,2.14,2,1,2,2,1,1,2,2,2,2,2,3,1,1,1,1,3,1.95,1,3,1,2,2,2,3,2,1,2,2,2,3,2
1.1.1.205,4,5.66,5,1,3.27,3,2,3,4,2.06,3,2,3,4.29,3,2,3,2,2,3.21,3.97,2,2,3.83,3,3.99,2,3,3,2,3,2.22,2.96,4,3.61,2.21,3.19,2.2,3,5,3,2,3.95,3,3,5,5,3,10,5,3,2,3
1.1.1.22,2,4,4,1,4,2,5,6,2,2,2,2,3,2,2.47,3,2,2,2.01,4,3.99,3,2.92,3,2,4,2,3,3,3,2,5,2.23,3,4,2.52,3,2,5.02,2.02,3,2,2,3,3,5,7,2,2.17,3,2.02,5,4
1.1.1.23,1,2,1,1,3.25,4,6,2,3,3,3,3,3,4,3,2,3,4.68,4,3,3.97,2.05,3,4,3,3,3,3,3,3.4,3,3,2.71,2.51,4,7,2.01,3,2,2,3,2.07,3,2,3,4,5,2.63,3,2.75,5,3,3
1.1.1.25,1,4,4,1,3,3,3,4,3,3.37,2,2,2.22,3,2.79,2,3,2.01,3,3.73,3.98,2,2,2.05,2.5,3,2.27,3,3.44,4.84,2.94,3,2.24,3,2,3,3,4,2.01,3,3.64,2,3,3.96,3,3,6,2,2.78,2,3,3,3
1.1.1.261,2,3,1,1,2,6,4.27,3,2,2,2,2,2,2,2,2,2,2,2.45,2,2,1,2,2,1,1,2,2,2,2.18,3.91,1.98,2,2,2,1,2,2,2,2,2,2,3,1,1,2.04,2,2,2,5,2,2,2
1.1.1.262,3,2,7,3,3,2,2,3,2,2.9,2,2,3,2,3,2,2.77,2,2.46,3,3,2,2,2.03,2,2.9,2.73,2.09,3.01,3,2.05,2,2,3.66,3,1.99,2,3,2,2,2,1,2,3,3,2,6,2,2,2,2,2.99,4
1.1.1.267,7,3,1,1,2,2,3,3.68,3,3,3,4,2.02,2.99,3,3,3,3,2.85,9,3,4,2.18,3,2,3.99,2,3,2.92,4,3,2,4,5,5,2,3,3.2,3.37,5,6,3,3,3.06,3,7,5,2,5,4,5,7,4
1.1.1.27,2,6,7,1,6,2,3,2,4,2.89,2,4,2,4,1,4,2,4,1,2,4,5,4,3,2,3,3,2.09,3.43,5,2.99,2,2,4,3,1.98,4,4,2,2,5,5,4,4,2.06,6,2,4,2,4,2,6,3
1.1.1.290,1,2,1,1,2,2,2,2,2,2,2,3.99,2,2,2,2,3,2,2,2,2,2,2,2,2,2,2,2,4,2,2,2,2,3,2,1.84,3,3,2,3,3,4,2,2,2,5,5,3,2,2.71,3,5.97,2
1.1.1.3,1,5,1,1,3,3,4,1,2,3,2,2.44,3,2.96,3,2.98,3,2,2,3,3,2,3,2,3,3,3,3,2.17,3,5.18,2,2.92,2.41,3,2,2,3,5,3,1,2,3,3,3,2.62,5,2,2,2,3,4.97,3
1.1.1.304,1,3,1,2,3,3.15,1,3,1,1,2,2,1,6,2,1,1,2,1,2.99,1,2,1,2,2,1,2,2,1,2,1,2,1.88,1,1,2,1,1,1,2,2,1,2,1,2,2,3,2,1,1,2,3.99,2
1.1.1.31,2,1,1,1,2,1,6,2,3,3,2,2,2,3,2.07,2,2,2,2.41,3,2,3,4,1,2,2,2,2,2,2.03,2,2,2,2,2,2,2,2,3,2,4,1,2,2,1,3,5,2,2,2,2,5.97,2
1.1.1.34,1,5,2,1,3,2,4,3,2,2,2,2,2,4,2,3.01,2,2.36,2,3,2.84,2.99,2.15,2.07,2,2.99,1,2,4,3,2.42,4.98,2,2,3,2,3,2,3,2,3,3,2,2,2,4,3,2,3,3.89,2,4,3.97
1.1.1.36,1,2,3,1,2,2,3,2,1,2,1,2,2,2,2,1,1,1,2,3.79,2,2,1,1,1,1,2.73,2,2,3,3.98,2,4.77,1,2,2,2,1,2,1,2,1,3.97,1,1,2,3,2,3,1,2,3,3
1.1.1.37,1,7,3,1,5,6,4,2,4,3,3.64,4,3.99,4,2,3.58,2,3,2,3,4.97,4.02,4,5,3,3.99,2,3,3.7,2,3.99,2,6,4,3.58,2,4,2,2,5,5,3.31,3,3.12,2,6,2,3,4,3,4,6,3
1.1.1.38,1,1,4,1,3,1,2,5,1,2.93,2,2,2,2,1,2,1,2,1,2,3,3,2,2.35,2,3,5,2,2,1,2.02,2,1,1,2,1,4,1,1,3,3,1,2,2,1,4,5,2,2,2,1,4.97,2
1.1.1.40,1,6,1,1,2,5,2,2,2,2,2,2,2.03,2,2,1,2,2,1,3,2,2,1,2,3.01,2,4,2,3,3.48,2,2,4.16,3.98,2.16,2,2.04,2.01,2,2,2.76,2,2,2,2,1,4,1,2,2,2,2,3.69
1.1.1.405,1,5,1,1,1,1,1,1,1,1,1,1,1,1,1,1,1,1,1,1,1,1,1,1,1,1,1,1,2,1,1,1,1.91,1,2,1,1,1,1,1,2,1,1,1,1,1,2,1,1,1,1,1,1
1.1.1.42,2,3,2,1,4,3,7,5,2,2,2.05,4,2,5,2,2.85,2.05,3,3,4,4.12,3,2.92,3.39,3,3.99,1,4,3,2,3,2.06,3,4,5,3,3,4,5.02,3,3,3,3.3,4,6,5,6,3,2.71,2,2,2.99,5
1.1.1.44,5,8,1,2,6,3,4,2,3,4,2,3,3,3.09,2,3,2.98,4,3,3,4,4.83,2,3,3,3.39,3,4,4,3,3,3,2.09,3,2,3,2.9,4.1,4,2,2,2,5,4,3,6,2,3,2,4,3,4.97,3
1.1.1.49,5,5,2,1,4,6,7,3,2,2,2.2,2,2,2,2.01,2,2,2,2,3,3,4,2.12,2.72,2.96,2.99,2,6,2.87,2,3,2,2,2.49,3,2,4,3,2,2.05,2,2,5,3,1,4,8,2.01,2.86,2.01,3,3,3.05
1.1.1.58,1,1,1,1,1,1,1,5,2,2,1,2,1,2,1,2,2,2,2,2,1,2,1,1,1,1,1,1,2,1,2,2,2,1,2,1,1,1,1,1,1,1,1,1,1,2,1,2,1,2,2,1,1
1.1.1.60,1,2,1,1,2.32,3,2,2,3,2,2,2,2,1,2,2,1,1,1,3,1,1,2.47,2,2,2,2,2,2,2,5,2,2,2,2,2,2,2,2,1,2,1,2,2.18,1,2,4,1,2,2,2,1,2
1.1.1.85,1,4,2,1,3,2,2,2,3,3,2,2,2,2.99,2.03,2,3,3,2.03,4,3.97,2,2,2,2,2.5,2,2,3.71,2.06,3,5,3.68,3,3.04,2.97,5,4,5,2,3,1,3,2.95,3.4,2,4,2,5,2,2,2,2.91
1.1.1.86,1,4,6,1,2,2,2,2.17,1,2,3,2,3,2,2,2,2,1,1,3,2,2,2,2,2,4.99,2,2,5,1,2,3,2.74,2,3,1.98,2.99,2,2.96,4,3,2,2,2,2,2,3,2,2,2,2,2,3
1.1.1.94,3,6,2,1,2.31,2,2,3.15,3,4,2.74,2.32,3.03,3,2.34,5,3,2,2,3,4,2,4,3,2,2.99,2,3,3,3,3,3,2.05,3,3,2,3.01,3,3,2.72,2.07,2,4,4,3,3,4,2,2,2.1,2.95,3,3.19
1.1.1.95,1,2.02,2,1,2.36,3,3.99,5,2,3,3,3,2,4,2.64,1,2,2.03,2,4,2.82,2,2,2,2,2,2,2,2.95,3,2.07,2,2,2,3,2,3,3,2,2,2,2,3.04,3,1,3,5,2,6,2,2.17,2,3
1.13.11.1,1,1,1,1,1,1,1,1,1,2,2,1,1,1,2,1,2,2,1,2,3,1,1,1,2,2,1,1,1,2,1,2,1,1,2,1,1.96,1.99,1,3,1,1,2,2,1,2,3,1,2,1,2,2,3
1.13.11.11,2,1,1,1,3.05,2,5,4,2,2,2,2,2,2,2,2,2,2,1,2.74,2.02,1,3.49,2,2,2,2,2.51,4.36,2,1,4,4,3,2,2,2,2,2,2,3,3,2,3,1,6,3,1,2,2,5,3.72,2
1.13.11.15,1,1,1,1,1,1,1,1,1,1,1,1,1,1,2,1,1,2,1,2,2,1,1,1,1,2,1,1,1,2,2,1,1.9,1,1,1,1,1,1,1,1,1,1,1,1,1,4,1,2,1,2,1,1
1.13.11.20,1,2,2,1,1,2,2,2,2,2,2,2,2,2,2,2,2,1,2,2,2,2,2,2,2,1,2,2,3,2,2,1,1.73,2,2,1.61,1.8,2,1.92,2,2,1,1.98,2,1,2,3,2,1,2,2,2,2
1.13.11.3,1,2,2,1,1,2,3,2,2,2,2,2,2,2,2,1,2,1,2,2.99,2,1,1,2,3,2,2,2,2,1,2,1,1.97,2,2,2,1.84,2,2,1,2,1,1,1,1,2,5,2,2,1,2,2,3.28
1.13.11.5,1,2,5,1,2.12,2,2,2,2,2,2,2,2,1,1.99,2,2,2.03,2,3,3,2,2,2,2,2,2,2,2,2,2,2,1.99,2,1,1.92,2,2,2,2.77,2,2,2,2,2,2,4,2,2,2,2,2,3
1.13.11.79,1,2,1,2,1,2,2,1,2,2,3,2,2,2,2,1,3,2,1,2.02,2,2,2,2,2,2,2,2,2,1.99,2,2,1.97,1,1,2,2,1,1,1,2,1,1,1,1,2,3,2,2,2,2,2,2
1.13.12.16,1,6,2,1,3,4.98,2,7,4,4,4,3,4,3,3,3,3.02,3,3,5,3.97,3,3.11,4,3,3.99,3,4,3,3.81,4.04,2.05,3,4,3.21,4,3,3,3,3,3,3,3,4,4,3,7,3,3.37,2.99,3,3,5
1.13.12.4,1,4,1,2,2,2,1,1,2,1,2,2,2,1,2,1,2,1,2,2,2,1,2,2,2,2,2,2,2,2,2,2,1.99,1,1,1,1.84,1,1.92,1,2,1,2,1,2,1,2,1,2,2,2,2,2
1.14.12.1,1,1,1,1,1,1,1,1,1,1,1,1,1,1,1,1,1,1,1,1,1,1,1,1,2,1,1,1,1,1,1,1,1,1,2,1,1,1,1,2,1,1,1,1,2,2,5,1,1,2,1,1,1
1.14.12.22,1,1,2.41,1,1,2,3,2,1,1,1,1,1,1,2,1,1,2,2,2,1,1,2,1,2,1,1,1,1,1,1,7,2,1,1,1,1,1,1,2,1,1,1,1,1,1,1,1,2,1,2,1,2
1.14.14.1,1,1,2,1,2,2,3.01,3,2.07,2,2,2,2,1,2.21,2,2,2,3,4,3,2,2,2,2.38,2.99,2,3,2.97,2,2,2,2.02,2,2,3,2,1,2,2,2,2,2,3,2,5,2,2,2.99,2,2,2.27,3
1.14.14.18,2,1,2,1,7,2,2,3,3,2,2,2.69,3,2.1,2,2.24,2.74,2.97,2,3,2,2.89,3,3,3,3.44,3,3,3,2,2.18,2,2,2.67,2,1.77,2,2,2,2.77,4,2,2,3,3,6,4,2,2,2,2,4,2
1.14.14.35,1,1,1,1,1,1,1,1,1,1,1,1,1,1,1,1,1,1,1,1,1,1,1,1,1,1,1,1,1,1,1,2,1,1,2,1.84,1,1,2,1,2,1,1,1,1,1,3,1,1,1,1,1,2
1.14.14.5,1,2,1,1,1,4,2,1,1,1,2,2,1,2,2,2,1,2,2,3,2,1,1,2,1,2,2,2,1,2,2,2,1.96,2,2.75,2,2.14,2,1.93,2,2,2,2.03,1,2,1,6,1,2,2,2,2,3.34
1.14.14.9,1,1,1,1,1,1,1,1,1,1,2,2,1,1,2,1,1,1,1,2,1,1,2,2,1,1,1,1,2,1,2.37,1,2,2,1,1,1,1,1,1,2,1,1,1,1,1,5,1,2,1,2,2,2
1.14.15.3,1,1,1,1,2,2,2,1,2,2,2,2,2,2,2.01,2,2,2.01,2,4,2.08,2,2,2,2,2.06,2,2,2.03,2,2,2,1.96,2,2.12,1.97,1.89,2,2,1,2,1,2.89,3,2,2,5.01,2,2,2,2,2,2
1.14.16.1,1,1,1,1,2,1,1,1,2,1,1,1,2,1,1.99,1,2,1,1,2,1,1,1,1,1,2,1,1,1,1,2,2,2,1,1,1.95,1.85,1,1,2,1,1,2,2,1,1,3,5,1,1,1,1,3
1.14.99.1,1,2,2,1,5,2,2,1,4,3,3,2,2,2,1,2,2,2.87,1,1,3.98,3,2,3,2,2.99,1,2.91,5,2,2,1,2,4,3,1,1.99,3,1,3,2,2,2,3.03,2,6,2,2.09,1,3,2,5,2
1.14.99.60,1,1,1,1,1,1,1,1,1,1,1,1,1,1,1,1,1,1,2,1,1,1,1,1,1,1,1,1,1,2,1,2,2,1,1,2,1,1,1,1,2,1,2,1,2,1,3,1,1,1,1,1,2
1.1.5.12,1,2,1,1,2,5,1,3,1,2,2,1,1,2.44,2,1,1,2,3,2,2,1,2,2,1,1,1,2,2,1,2,2,1,1,2,4,1.96,1,2,1,2,1,1.97,2,1,2,2,2,1,3.54,2,1,2
1.1.5.3,2,4,2,1,3,3,3,5,4,4,5,3.17,4,3,3,3,3,3,3,5,3.99,3,3,4,4,5.99,3,4,3,4,5,4,3,3.11,4,2,2.99,2.03,2,3,4,3,4.42,4,4,5,7,3.8,3,4,3,3,4
1.1.5.4,1,1,2,1,1,2,2.38,2,2,2,2,2,2,2,2,2,2,2,2,2,2,1,2,2,2,2,1,2,2,2,3.05,2,1.94,2,2,1.98,2,2,2,2,2,2,2,2,2,2,6.01,2,1,4,1,2,3
1.16.3.1,1,1,1,1,2.17,1,1,1,1,1,2,2,1,1,3,1,2,1,1,1,4.97,2,1,1,1,2.99,2.03,2,3,3,2,1,2,2,2,1,2.16,1,2,1,1,1,1,3.01,1,2,2,1,6.67,3,1,1,2
1.17.1.4,1,1,1,3,2,2,3,2,2,2,2,2,1,2,2,2,2,2,2,3,2,2,2.04,2,2,2.55,2,2,2,2,2,2,3,1,2,2,2,2,3,3,2,1,2,3,2,2,5,2,2,3,2,2.71,2.71
1.17.1.8,1,6,5,1,3,2,2,1,2.11,3,3,2.71,4,2,2,2,2,2,3,3,2.99,2,2,2,2.06,2.01,2.89,4,2,2.11,2.93,2,3,3,2,1.99,2,2,2,2,6,2,2,3.68,3,2.99,5,3,2,2,2,3,2.7
1.17.1.9,1,3,4,1,2,8,2,2,2,2,2.67,2,2,2,3,1,2,2.01,2,4,2,2,2,2,2,2,3,2,1,2.17,2.89,2,4,2,2,2,2.36,3,2,6,3,1,3,2,3,2,2,2,3,2,2.98,5,4
1.17.4.1,8,8,9,2,6,6,6,6,3,3,4,3,3,3.64,3,3,2.38,3,3,4.19,3.97,3,3,3,2.83,5,4,4,4,3.65,6,4,3,4,4.95,5,5,3.43,3,5,3.14,3,6,4,5,5.32,8.65,3,3,4,3,4,5
1.17.7.3,1,4,3,3,2,2,6,4,2,2,4,2,3,2,2,2,2,2,2,3,2.23,2,2,2,2,2,2,2,2,2,2,2,4.94,2,4,1.84,3.19,5.01,3.02,2,2,5.04,2,2,2.14,3,4,2,2.68,2,2.03,3,3
1.17.7.4,1,4,4,1,2,1,2,3,2,2,3,2,2,2.99,2.96,2,2,2,2,3,2.9,2.36,2,2,2,2,2,2.25,2,2,2,5,2.23,4,3,2.1,3,4,2,3,2,2,2,2.98,3,2,4,2,2.98,3,2,2.99,2.13
1.18.1.2,3.28,6,2,1,3,3,3,2,2.1,2.07,4,2.74,3,2,3,3,2.99,2,2.96,4,3,3,2.9,2.96,2.12,3,2,3,3,3,3,2.43,3,4,4,2,2.41,3,2,2,3,2,3,2.05,1,2,5,2,3,3,2,2,4
1.1.98.6,6,7,3,1,1,1,5,1,2,2,3,3,2,5,2,2,2,2,2,2,2,2,2,2,2,2,2,2.03,3,2,3,2,3,2,4,1,1.96,2,4,3,2,2,4,2.06,1,2,5,1,2,2,2,2,2
1.1.99.3,1,1,1,2,1,5.79,2,5,2,2,2,2,2,1,1,1,1,2,1,2,2,2,2,2,2,1,2,2,2,2,2,2,1.96,2,2,1.94,1.99,1,1,1,2,1,2,1,1,2,3,1,1,2,1,2,3
1.2.1.11,3.95,4,2,1,1,2,6,1,3,2,3,2,3.02,3,2.89,2,2,2.83,2.38,3,3,2,2.36,2,2,2.1,2.88,2,3,2,2.77,2,2,2,4,2,2.52,4,3,2,2,2,2.08,2.92,2,2,3,2,2,2,2,2,3
1.2.1.12,9,10,5,2,7,3,6,8,5,4,6,5,4,5,2,4,4,4,2,3,4.03,4,4,4,2,5.99,4,4,5,4,5,3.02,5,5.73,5,3,5,5,2.3,7,7,5,6,5,5,8,5,4.95,2.6,4.06,4,9,4
1.2.1.19,1,3,2,2,2,4,4,2,3,3,2,3,3.01,3,2,2,2,3,2.06,3.99,2,3,3.58,3,2,3.99,2,3,3,2,2.41,2,2,4,4,3,2.18,3,5,2,3,2,4,2,2,3,8,2,2.79,5,6,2,4
1.2.1.27,1,3,4,2.82,3,2,8,4,4,4,4,4,4,3,3,3,4,3,3,5,3.99,3.96,3,4,3.91,4,3,4,3,4,3,2,2,3,3,2.08,2,2,6,3,2.62,3,4,3,2,3,8,3,6,3,3,4,5
1.2.1.38,2,2,1,1,3,2,2.93,2,2,2,4,2,3,2,2.3,2.01,2,2.02,2,3,3,2,2,2.24,2,2.52,2,3.14,3,2.4,3.03,2,3,3,4,2,2,2,3,2,2,2,3,4,2,2,6,2,4,2,2.23,3.99,3.01
1.2.1.41,2,4,2,2,4.11,2,5,3,5,5,5,5,6,6,5,5,5,5.01,5,5,5.99,5,5.88,5,5,5.99,5,6,5,5,5,3,4,5,4.31,3,4,4,4,4,3,4,4,5.12,4.93,5,6,5,3,6,4,6,5.52
1.21.4.1,1,3,1,1,2,1,1,1,2,2,1,3,1,1,1.99,2,2,1,1,2,2.93,1,6,2,2,2,1,2,1,1.99,1,1,1.99,2,2,1.63,1,3,1,1,2,1,1,2,2,2,2,1,1,2,2,2,1
1.2.1.70,2,3,1,1,5,4,6,3,3,4,5,3,3.3,3,3,3,3,4,3,3,3,4,3,3,3,3,3,4,4,3,3,2.01,3,3,4,3,2.16,5,2,2.84,3,4.04,2,3,2,6,5,3,2.43,3,3,8,3.17
1.2.1.71,1,3,2.99,1,2,2,2,2,2,2,2,2,2,2,2,1,1,1,2,2,2.74,2.77,2.39,2,2,3,4,2,3,2.96,3,2,3,2.33,2,2,1.98,2,2,1,2,2,2.32,2,1,2,5,2,4,2.99,3,2,2
1.2.1.72,1,1,1,1,1,1,2,1,1,1,1,1,1,1,1,1,1,1,1,1,2,2,2,1,1,2,1,2,1,2,2,1,1,1,1,1,1,1,1,2,2,1,1,2,1,1,4,1,1,1,1,1,2
1.2.1.8,1,4,5,1,4,2,4,2,2,3,3,3,3,2,1,2,2,3,2,3,2,3.58,3,3,2,2.09,2,2.52,3,3,2,2,2,2,4,2,2,2,2,3,2.8,1,2,2,2,4,6,4,2,3,2,3,3
1.2.3.3,1,9,2,1,3,2,2,2,1,2,2,1,1,1,1,1,1,1,2,1,1,1,1,1,1,1,1,1,4,1,1.98,1,1,1,2,1,1,1,1,1,2,1,1,2,1,1,2,1,1,1,1,1,2
1.2.4.1,7,8,1,5,3.04,7,8,6,4,4,5,4,5,6,4,4,4,5,4.87,5,5.97,6,5,5,4,4.99,7,4.31,4,3.99,4,3,2.24,3,4,2.96,2.91,3,4,4,6,3,3.95,4.9,4,5,8,4,3,6,3.22,3.01,4.65
1.2.4.2,4,4,4.41,1,6,5,7,4,5,5,5,5,5,5,5,4,5,4,4,5,5,6,4,5,4,5,5,5,5.24,4.55,4.78,5,3,5,5,3,3.18,4,3,4,6,6,5,5,4,6,8,4,3,6,5,6.97,5
1.2.4.4,1,2,1,1,2,2,2,1,2,2,2,2,2,3.94,1,1,2,1,1,2,1,2,2,2,2,2,2,2,2,2,2.17,1,1,1,2,1.62,1,1,1,1,1,1,2,2,1,3,3,1,2,2,2,2,2
1.2.7.3,2,4,4,3,1,2,2,2,2,2,4,2,2,2,2,2,2,2,2,2.47,2,2,1,2.1,2,2,2,2,1,2,2,2,2,2,2,1.87,5,2,2,2,3,2,2,1,2.03,1,2,2,1,2,2,1,2
1.3.1.12,1,4,2,2,2.19,5,2,2.2,3.48,3,2.15,2.98,3,2,2.9,2.25,3,2.03,2.96,3,3,2,3,3,2.94,2.98,2,3.02,3,3.01,3,2,2.97,3,3,2,2.02,2,3,2,2,2,2,3.01,3,3,4,2,5,2,2,2.84,3
1.3.1.83,1,1,1,3,1,2,2,1,2,1,2,2,2,1,2,2,2,2,2,3,2,2,2,2,2,2,2,1,1,1.96,1,1,3,1,2,1.77,1,2,2,1,3,1,1,1,2,1,2,1,2,1,2,1,2
1.3.1.9,1,3,1,1,6,2,2,2,2,2,4,2,2,3,2,2,2,2,2,3,2.03,2,2,2,2,2,2,2,2,2.27,2,3,2,2,2,2,4,2,2,2,2,2,2,2,3,2,5,2,2,2,2,1,4
1.3.1.98,5.02,8,3,3,5,6,4,4,3,3.69,5,3,4,5,3,3,4,3,2.79,3.05,3,3,3,3,3,3.99,3,3.35,4,4,4,4,4,4.99,3.96,3,3,3,3.01,4,4,4.9,3,4.07,5,4,5,3,3.42,3,3,3.96,4
1.3.3.3,1,2,2,1,2.99,2,4,2,3,3,3,3,3,2,3,2,3.12,2,3,3.01,3,2,3,3,3,3.99,2.48,2.05,2.98,2,2,2.62,2,2,2,2,2,2,2,3,2,3,2,3,3,3,5,2,3,2,3,3,2
1.3.5.1,3,7,6,1,5,4,3,7,3,4,3.2,2.97,3,4,4,2,4,3.07,3.93,4,3.96,4,3,3.13,3,3.99,2,3.88,5,4.59,5,4,3.9,4,4,3,3,2.23,7.02,3,5,3,4,3.03,4,5.46,5.88,2,2.6,3,3,3,5
1.3.5.2,3,3,2,1,2.12,3,2,2,2,4,2.4,2,3,2,2.02,2,2.99,2.98,3,8,2.97,3,3,2.51,4,3,2,3,3,2.88,3,3,2,4,3,2,2.5,3,2.04,3,3,2,3,4,3,3,5,2,3,2,2,3,3
1.3.5.4,1,1,1,1,1,7,2,2,2,1,2,1,3,4,2,2,1,1,1,2,2,1,2,1,1,2,1,1,2,1,4.8,2,2,2,1,1,1.91,1,1,1,2,1,2,2,1,1,2,1,1,2,2,2,2
1.3.8.4,1,2,2,1,3,2,2,2,3,2,1,3,2,1,2.97,1,1,1,1,4,2.93,2,2,2,3.56,2,2,3,2,2,2,4,2,1,2,4.01,2,2,2,1,2,2,2,3,1,2.4,6,3,4,2,2,3,4.32
1.3.98.3,2,2,1,1,2,2,2,3,2,2,3,2,2,4.04,2,2,2,2,2,3,2,2,2.06,2,2,2,2,2,2.02,2,2,2,2,3.69,2,2,2,2,2,2,2,2,1,2,2,2,5,2,2,2,2,2,4
1.4.1.1,1,3.22,6,1,2,2,2,2,3,3,3.73,2,2.13,2,4,2,3,3,2.99,3.03,3.97,2,3,3,2.02,2.99,3,3,2,2,2.31,3,2,2,2,7,2,2,2,2,3,2,2,3,3,2,2,3,2,2,3,3,3
1.4.1.14,1,3,1,1,1,3,2,2,1,1,1,1,1,2,2,2,2,1,2,3,2,2,2,2,2,2,1,2,2,2,3,2,2.04,1,3,1.99,3,3,4,4,3,1,2,2,3,2,7,1,2,2,2,1,2.56
1.4.1.16,1,4,1,1,1,2,1,1,2,2,1,1,2,1,1,1,2,1,1,2,1,1,1,2,2,2,1,1,2,1,2,1,2,1,2,1.56,1.96,2,1,2,1,1,1,2,1,1,2,1,2,1,2,2,2
1.4.1.2,1,2,1,2,3,2,2,2,3,3.16,3,2.99,5,2.01,2.66,2.66,4.44,4,3,3,4.97,2.24,3,3,3,3.99,3,4,3,4,3,2,2,2.07,3,2.99,2.94,2,2,2,3,3,4,3.02,3.18,4,8,3,2,3,3,3.99,4
1.4.1.21,1,1,1,1,1,2,1,3,1,2,2,1,2,1,1,2,2,2,1,2,1,2,2,2,2,1,2,2.45,1,1.99,2,2,2,2,2,1.94,1.76,1,2,1,2,1,2,2,1,2,4,1,1,1,2,2,2
1.4.3.16,2,3,2,3,5,2.96,3,3,4,4,4,4,4,3,3,3,4,3,3,4.36,4,4,3.1,4,4,4,5,4,5,5.07,5,5,4,5,4,3.99,5,4,3,4,6,4,5,6,6,5,6,3,5,3,3,4.48,6
1.4.3.19,1,2,7,2,2.99,2,2,1,2,3,2,2,3,2,5,3,3,2.83,2.37,2.02,4,2,3,4,2,3,2,2,4,2.06,2.56,2,5,2,3,2,3,3,2,3,2,2,2.7,3.2,2,4,5,2,2,2,2,2.56,2
1.4.3.5,1,3,3,1,3,2,2,2,4,5,4,4,4.07,3.01,4,4,4,4,4,5,4.99,4,4,4.99,4,4.99,4,5,4,3.87,5,4,2,3.37,3,2,5,3,5,3,3,3,3,4,4.36,4,7,3,3,4,4,4.86,4
1.4.4.2,2,3.98,7,2,4,4,7,5.98,3,3,3,4,3,3,3,3,3,2,3,4,5,3,3,3.95,3,3.99,3,4,3.95,4,4.06,2,2.89,4,3,2.13,2.02,6,2,3,3,2,3.31,4,4,3,8.34,2.95,3,2.98,3,3,5
1.5.1.2,2,3,1,2,6,2,2,4,2,3,4,3,2,2,2,2,3,2,2,3,2.93,2.21,3,2,2,2.36,2.51,2.99,2.03,2.5,3,3,2.19,3,3,2,2,2,2,2.79,5,4.53,2,3.7,2.03,5,4,2,2.11,2,2,4.1,3
1.5.1.20,2,5,1,1,3,10,2,3,2,3,2,2,2,2,2.95,2,2.7,2,2,2,2,2.62,2,3,3,2,2,2.48,2,5.99,2.01,2,2.35,2,4,2,2,2,2,2,2,2,2,3,4,2.42,3,2,2.38,2,4,2,2
1.5.1.3,2,5,1,1,2.14,2,2,2,2,2,2,2,4,2,2,1,2,2,2,3,2,2.26,2,2,4,2,2,2,2,2,3,2,4,2.69,2,1.98,1.95,2,2,4,2,1,2,2,4,3,3.91,2,2,2,2,2,3
1.5.1.38,1,2,1,1,1,1,2,2,2,2,1,2,1,1,1,2,2,2,2,2,2,2,2,1,2,2,2,2,2,2,2,2,2,1,1,1,1.99,2,2,2,2,1,1.98,1,2,2,4,1,1,2,1,2,3
1.5.3.1,8,10,9,4,8,10,10,10,6.97,5,7,6,7,9,4,5,6,6,4,3,6,7,7,7,9,8,10,4,9,8,8,10,10,9,7,7,10,10,10,10,9,9,8,6,10,6,8,7,10,7,10,9,7
1.5.99.12,1,1,1,1,1,1,2,1,1,2,2,2,2,2,1,1,2,1,1,2,2,2,2,2,2,2,1,1,1,1,2,2,1.99,2,1,1.62,1.99,2,2,2,2,1,2,2,1,1,3.48,2,1.99,2,1,2,2
1.6.1.1,1,1,1,1,1,2,2,1,1,1,1,2,1,1,2,1,1,1,1,2,1,1,1,1,1,2,1,2,1,1,2,1,4.16,1,2,1,1,1,1,2,2,1,1.96,1,1,2,4,1,1,1,1,2,1
1.6.1.2,3,3,3.59,2,6,6,5.86,6,5,5,5,5,5,4.52,4,5,5,5,4,5,5.01,5,4,5,4.95,5.99,6,5,4.04,6,4,2.84,3,4.14,5,2.58,4,5,4.92,4,5,4,3.79,4.68,6,5,7,4,3,5,4,5.97,5
1.6.5.11,1,2,1,1,2.16,7,2,2,1,1,2,1,1,2,1.99,1,2,2,1,2,2,2.28,2,2,3,2,2,2,2,2,2,2,2,2,2,1.95,1.76,1,2,3.86,2,2,1,1,2,3,4,1,1,2,2,2,2
1.6.5.2,1,2,1,1,3,4,3.37,2,2,2,2,2,2,2,2,2,2,2,1,2,3,1,2,2,2,2,2,2,1,2.46,2,2,1.73,1,2,2,1.97,3,4,2,2,2,2,2,2,2,3,1,2,2,2,2,2
1.6.5.3,3,2,5,5,7,3,4,5,3,4,3,4,4.93,5,4,4,4,4,5,2,4,3.5,4,4,3,2.99,4,5,5,1.99,3.02,4,1.73,5,6,1,3,5,4,2,5,3,5,5,8,4,2,5,4,6,2,2,5
1.7.1.13,1,2,1,1,1,6,5,3,2,2,2,2,2,1,2,2,2,2,1,2,2,2,2,2,2,2,2,2,2,2,2,2,4.64,2,2,2.01,2.87,3,3,1,2,2,2,3,2,2,3,2,2.4,2,2,2,3
1.7.1.7,1,4.33,1,1,1,2,3,1,2,3,2,2,2,2,2,4,1,2.26,3,2,1,3,3,2,3.98,2,1,2,3.1,3,3,2,3,1,3,1.78,1.84,2,1.96,3,1,1,1.97,3,1,4,2,2,5,2.82,1.99,2,2
1.7.2.2,1,3,1,1,1,4,2,2,2,2,2,2,2,4,2,2,2,2,2,2,2,2,2,2,2.01,2.97,1,2,2,2.05,4,2,2,2.07,1,1,4.77,3.04,2,2,2,2,1,2,1,2,2,2,1,5,2.99,2,2
1.7.2.3,1,2,1,1,1,1,2,2,2,1,1,1,1,1,2,1,1,2,1,3,1,1,1,1,2,1,2,1,2,2,2,2,2,1,1,3,1,1,1.94,6,1,2,1,2,2,1,1,3,2,2,2,1,1
1.7.2.4,1,2,1,1,2,2,2,2,2,2,3,2,2,2,2,2,2,1,2,2,2,1,2,2,3,2,2,2,3,2,2,2,2,2,2,1.81,2,1,2,2,3,2,2,2,1,2,5,2,1,2,2,2,1
1.7.3.3,1,1,2,2,4,2,2,1,3,4,3,3,4,3,3,3,3,2,3,2,3.92,2,4,4,4,3.01,4,4,3,2.05,2,2,1.96,2,3,2,2,2.1,3,2,2,3,2.15,4.16,4,3,3,3,2,2,2,2,3
1.7.5.1,1,3.25,1,1,3.77,3.95,2,2,1,1,4,3,2,2,2,1,1,2,1,2,2,2,2,1,1,2,1,1,2,2,2,2,2,2,3.01,3,2,3,2,3,2,2,1,2,2.05,2,8,1,2,2,2,2,1
1.7.99.1,3,8,1,1,1,2,2,1,1,2,4,2,2,2,2,4,1,2,2,2,1,1,1,1,2,2,5,1,1,2,2,2,2.8,4.38,4,1,1.85,1,1.92,1,2,1,2,2,1,2,2,4,1,2,2,3,2
1.8.1.2,2,3,3,2,5,3,4,6,5,5,5,5,5,5,4,4,5,4,4.13,6,5.97,5,5,5,5,5.99,5,6,4,3.93,5,4.97,2.33,5,4,3,4,4,4,5,3,4,4.14,4,5,5,8,4,3.04,4,5,5.97,5
1.8.1.4,6,10,4,2,4.99,7,5,5,3,4,4,3,4.07,5,4,3,3,3,2.32,5,3,3,3,3,3,4.99,3,3.99,5,3.01,4,4,4,6,5,2.05,3,2,2.05,3.1,3,3.01,4,3,2.99,5,7,2,3,2.92,7,3.97,5
1.8.1.7,5,5,5,2,3.02,2,2,2,2,2,3,4,2,3,2,2,2,1,3,3,2.7,2,2,2.97,2,2,3,2,3.8,2,2,2,6,2.77,2,3,2.16,2.03,1.98,2,2,3,3,2,3,5,3.82,2,2,2.01,2,3,4
1.8.1.9,4,8,1,2,3.78,2,3,2,2.56,2,5,2,2,5,2,2,2,2,2,3,2.64,2,2,2.47,2,2,2,3,4,2.01,3.11,2,3,5,4,5,2,2,1.93,2.03,3,2,3.93,2,1,1,5,3.87,2,2,2,2,3.84
1.8.4.8,1,2,2,1,2,2,2,2,2,2,2,2,2,1,2,2,2,2,2,2,2,2,2,2,2,2,2,2,2,4.93,3,3,3.41,4,3,5,5,2,2.07,2,3,2,5,2,2.05,1,3,2,3,2,2,2,2.27
1.9.3.1,9,7,9,8,10,9,10,9,9,9,8,9,10,10,8,10,7.41,10,9,6,9,10,10,10,7.95,9,9,9,7,6,7,5,6,8,10,6,6,8,6.02,10,10,10,8,8,10,10,10,10,9,10,7,9,7
1.9.6.1,1,2,1,1,2,2,3,2,3,2.33,2.27,3,5,3.51,2,2,3,3,2,2,2,3,3,2.16,2,2.06,2,2,2,2,3,2,4,3.37,3,3.38,1,2,2,2,2,2,2,2.06,3,4,6,2,2,2,2.55,4.01,2
2.10.1.1,1,2,1,4,3.07,2,3,2,4,4,3,4,4,3.06,3.1,3,4,3,4,4.79,3,3,3,4,4,3.99,4,4,3.74,3,3.48,3,4,3.3,4,2,3,3,2,3,2,3,4,3.59,3,4,7,3,3,3,3.02,3,4
2.1.1.13,1,3,3,2,4,6,6,5,6,4,5,6,4,6,3,5,5,5,2,4,5.99,6.74,6,6,8,7,8,5,6,4.01,6,9,6,5.65,5,2.61,7,6,7.25,6,10,4,5,4,7,5,7,6,9,7,9,8,5.04
2.1.1.132,1,2,2,1,2,2,2,3,3,4,3,3,3,3,3,2.94,3.41,2,3,4,3,2.04,3,3,3,3.99,2.89,3.47,2.85,4,3.09,3,2,3,2,2.12,3,2,3,2,5,2.82,2.35,3,3,2,4.86,3,3,2,3,3,2.82
2.1.1.14,3,8,2,1,5,2,3,5,4,3,4,3,3,2,2.98,2.99,2.94,2.32,2,4,3,3,3,3,3,5.99,3,4,4.01,4,5,2.08,6,3,4,2,5,4,2,3,3,3,5,4,3.38,5,6,4,2.32,3.11,2.95,3.02,4
2.1.1.163,2,3,2,6,2,4,2,2,2,2,2,2,2,1,2.74,3,2,2,2,4,3,3,2,2.99,2,2.85,3,3,2,2,2,2,2,4,2,2,2,2,2,2,2.63,2,3,3,2.07,4,5,2,2,2,2,2,3.98
2.1.1.17,3,2,1,1,4.88,6,6,3,2.32,2.53,3,2,3.13,3,2,3,2.02,3.01,3,3,2.68,2.79,2.01,3,2.91,3,2,3.77,2,2.8,3.94,2,2,2.09,5,2.99,2,2,2.01,2,2,2,2.99,3,3,2,2,2.21,2.97,2,2.04,2.73,2
2.1.1.195,1,2,2,1,3,3,2,5,2,2.01,3,3.03,2,4,3,2.03,2.03,2.38,2.05,2,2,2,2.72,2,2,2,3,3,2,3,2,2,2,2,2,2,3,2.85,2,3,2,2,2,2.05,2.14,6,5,2.01,2,2.8,3,4,2
2.1.1.197,1,1,1,1,2,2,2,1,2,2,2,2,2,2,1,2,2,2,2,2,2,2,1,2,2,2,2,2,1,2.51,2,2.91,2,2,2,1.99,2,2,2,2,2,2,2,2,3,3,4.47,2,2,2,2,2,3
2.1.1.37,4,4,3,4,7,6.4,4,8,6.01,6,6,6,7,6,5.79,6,6,6,6,6,7,6,6,6.26,6,6.99,6,7,6,7,7,2.98,4,6,6,5,6,5,4,4,3,4,6.05,7,6,5.32,6,5,4,6,5,6,7
2.1.1.43,4,2,5,4,6.81,2,7,3,5,5,5,5,6,6,2,5,5,6,4,2.02,5.97,6,5,6,5.56,5.99,6,6,5,5.14,5,2,5,5,6,2,3.95,4,3.86,4,5,5,4,6,5.99,8,5,5,2,5,2,6.97,5.98
2.1.1.44,1,1,1,1,2,2,2,7,2,2.41,2,2,2,2,2,1,2,2,2,3,2,2.04,2,2,2,2,1,2,3.99,2,2,2,2,1,2,6,4,2,2,1,2,1,2,5,2,2,2,2,2.17,2,2,2,2.93
2.1.1.45,3,7,2,2,3,1,3,4,2,2,2.02,2,2,2,2,3,3,2,2,3,2,2,2,2,2,2,2.91,2,2,1.99,4,2,2.02,1,3,1.95,2,2,4,2,3.49,2,2,2.04,2,2,4,1,2,3,2,2,2
2.1.2.1,7,7,4,6,10,2,8,8,8,9,10,8,9,5,9,8,8,1,7,9,10,8,6,8,7,9,9,9,9,10,10,8,10,10,10,10,10,9,4,7,9,7.04,10,10,8,8,10,7,10,8,6,9,10
2.1.2.10,6,3,8,8,10,7,8.97,10,10,10,10,10,10,10,10,9,10,8.33,10,10,10,7,10,10,10,10,10,10,10,10,10,8,10,10,10,10,10,10,7,9,8,10,10,10,9,8,10,8,9,10,5,7,10
2.1.2.11,1,2,1,1,9,2,3,7,6,7,7,7,7,5,8,6,8,6,6,9,8,7,6,7,6,8,8,7,8,10,10,6,9,10,6,10,9,4,7.77,6,6.98,6.04,10,1,7,7,9,6,5,7,4,5,10
2.1.2.2,1,1,1,1,1,1,1,1,1,6,1,1,1,1,1,1,1,1,1,1,1,1,1,1,5,1,1,1,1,1,1,1,6,7.08,1,1,1,1,1,1,1,1,1,1,1,1,1,1,1,6,1,1,9
2.1.2.5,1,2,1,1,1,1,1,1,5,1,1,1,1,3.88,1,1,1,6,1,5.94,1,5.26,4,1,1,1,7,1,1,1,1,1,7.93,10,1,1,1,1,1,1,1,1,1,1,1,1,2,1,1,1,2,1,1
2.1.2.9,9,7,9,8,10,4,9,10,9,10,9,10,9,7,10,10,10,8,10,10,10,8,7,9,10,9,9,9,10,10,10,8,9,10,9,10,10,9,9,9,10,10,10,10,8,9,10,7,7,8,5,9,10
2.1.3.2,1,5,1,3,2,2,2,2,3,2.93,3.65,3.39,4,3,2,2,2,2,2,3,2,3,2,2,2,2,5,3,2,2.17,2.43,2,3,2.7,4,1.99,2,2,2,2,4,2,4,2,1,3,4,2,2.85,3,2,2,4
2.1.3.3,4,3,3.01,1,6,2,4.13,2.01,2,3,2,2,2,4,2.46,2,3,3.39,1,3,3,5,2,2,4.95,3.99,2,2,3,2,3,4,3.73,2,5,2,4,4,4,2,4,3,3,3,4,6,5,3.92,2,4,2,5,3
2.2.1.1,2,5,1,1,3,3,2,4,2,3,4,3,2,2,3,2.48,2,2,3,4,2,2,2,3,3,2.96,2.01,2.01,3,2.01,4,2.22,5,3,3,2,2,4,4.29,2,3,2,3.98,2.89,3.1,2.97,4.53,2,2.87,2,2.04,2,4
2.2.1.2,3,3,2,1,4,8,2,3,2,2,3,3,4,3,2.01,3,3,3,2,3,2,3,2,2,2,2,2,2,3,2,3,2,4,4,4,3,5,4.99,2,5,3,3,5,3.99,3,6,3,2.01,2,4,2,5.97,4.01
2.2.1.6,4,7,8,1,4,2,7,3,3,3,3,3,2.2,4,2.96,3,2.93,3,2,4.61,3,3,3,3.33,4,3.41,3,4,5,2.99,4,4,6,4,5,2.28,2,2,4,3,5,6.04,5,4,4,4,7,5,3,5,4,6.03,5
2.2.1.7,3,4.06,3.06,3,4,4,4,3,4,3.95,4,4,4,4.82,3,3,4,3,3,4,3.52,4,4,4,3,3.64,2,4,3.09,4,4,4,3.73,3,6,2,3.54,3,4.95,4,7,3,5,4,4,5,6.97,2.96,3,3.97,3.59,4.97,6
2.2.1.9,3,3,3,3,4,2,2,2.52,4,4.14,4,5,4,4,3,4,4,3,4,4,3.97,4,3,5,3,4.99,2.01,5,4,3.02,4,2,2.68,4,4,3,2.96,3,2.03,3,4,2.09,3.83,5,3,4,4,3,3,4,3,4.48,4
2.3.1.1,1,1,1,4,2,7,2,3,1,1,2,1,2,1,2,1,2,2,2,2,2,2,2,2,2,2.43,2,2,1,2,2,2,1.79,1,2,1.99,1,3,2,2,2,1,2,2,3,2,5,2,2,1,2,2,4.06
2.3.1.109,1,1,1,1,2,2,1,2,2,2.02,3,2,2,2,2,2,2.06,1,2,2,2,2,2,3,2,2,3,2,2,2,2,2,2,1,2,2,2,2,2,1,2,2,2,2,1,2,5,2,1,2,4,2,1
2.3.1.117,1,2,1,1,1,2,3,3,2,2,2,2,2,5,2,2,2,2,1,3.21,2,2,2,2,2,2,2,2,2,2,2,1,2,2,4,2,2,2,1.98,2,2,2,2,2,2,2,4,2,2,1,2,2,3
2.3.1.12,9,9.66,9,7,8,5.95,7,7,10,10,10,10,10,10,10,10,10,10,10,10,10,10,10,10,10,10,10,10,8,9,8,6,6.93,8,9,8,8,7,6.34,8,8,7.04,9,9,10,10,10,10,7,10,10,10,8
2.3.1.129,1,3,1,1,1,2,2,2,2,2,2.05,2,2,3.85,2,2,2,2,2,2.06,2,2,2,2,2,2,1,2,2,2,2,2,2,2,2,1.96,2,2,3.13,3,2,2,1.99,2,3.43,2,3,2,2.03,2.99,2,2,2
2.3.1.15,1,2,1,1,3.87,1,2,2,2,3,2,3,3,2,2,3,2,3,2.04,2.01,3,4,3,3,2.43,3,3.99,2.56,2.45,2,2,2,2,4,3.25,2,2,2,2.13,4,6,2,2,3,2,4,6,3,2.05,3,2,3,2
2.3.1.16,1,2,1,1,1,2,3,1,2,2,2,2,2,3,1,2,2,2,1,2,2,2,2,3,4,2,2,1,2,1,4,2,2,2.83,3.99,2,1,3,2,1,3,1,1,2,2.05,4,5,5,2,3,2,1,2
2.3.1.168,1,2,1,1,1,2,2,1,2,2.42,2,2,2,1,1,1,2,1,1,2,1,1,2,2,2,1,1,2.01,2,1,2,2,1.91,1,2,1,1,2,1,2,2,2,2,2,3,3,4,1,2,2,2,2,2
2.3.1.174,2,3,2,1,3,3,4.95,4,3,3,2,2,2,1,2,2,2,3,2,4,3,2,2.01,2.02,2,4.99,2,2,2,2,4,2,2,2,2.07,3,3,2,3,2,2,2,2,2,2,5,7,3,2,3,2,2.15,4.01
2.3.1.180,4.01,8,1,2,3,2.81,2,6,2,2.85,4,2.78,4,2,2.74,2,3,2.88,2.05,3.35,3,2,3,2,2.91,2.99,3,4,3,5,3,2,2.49,5,4,3,3,2,3,6,3,2,2.95,3,2.09,2,7,3,2.96,2,2,2,5
2.3.1.181,1,3,1,1,1,2,2,1,2.02,2,2,2,2,2,2,3,3,2,2,2.03,3,2,2,2,2,2.99,2,2,3,2.2,2,1.99,2,2,2,2,2,2,2,2,2,1,2,2.82,3,2,3.33,2,2,2,2,2,2
2.3.1.182,1,2,2,2,1,2,2,1,2,2,2,2,2,2,2,1,2,2,2,3,2,1,5,2,2,2,2,2,4,5,2,6,5,2,2,5,5,3,5,2,2,1,2.99,3,5,2,2,1,2,2,2,1,2
2.3.1.184,1,1,1,1,1,2,1,1,2,1,2,2,2,2,2,1,2,1,2.26,3,3,1,2,2,2,2,2,2.06,2,2,2,1,1.89,3,2,1.65,2,2,1,2,1,2,2,2,2,2,4,1,2.38,2,2,2,3
2.3.1.20,1,2,3,1,3,3,3,3,4,4.96,5,4,4.03,3,3,4,5,3,4,4,4.97,4,4,4,4,4.99,4.01,5,4,3,4,6,2.87,4,4,2,3,4,2.86,4.06,4,4,3.01,5,5,3.99,5,4,3,4,4,5,4
2.3.1.247,1,2,1,1,2,2,4,2.02,2,2,2,2,3,2,4,1,3,2,2,3,2,2,2,2,2,2,2,3,2,2,2,2,2,2,3,2,2,2,2,2,2,2,2,2.85,2.06,2,6,2,2,2,2,2,2.02
2.3.1.274,2,5,2,1,1,2,2,1,1,1,2,1,1,1,2,2,1,2,2,2.98,2,1,1,2,1,1,1,1,2,2,2,5,2,1,3,1.82,1.96,2,2,2,2,1,1,1,1,1,3,1,2,1,1,1,2
2.3.1.275,1,2.03,1,1,1,2,2,3,1,2,1,2,1,1,2,2,2,2,2,3,2,1,2,2,1,1,1,1,2,1,2,1,1.98,1,2,1,1,2,2,1,2,2,2.52,1,1,1,3,1,2,1,2,1,4
2.3.1.286,1,2,1,1,2,2,1,1,1,2,2,2,2,1,2,1,2,1,1,3,1,1,1,2,1,2,1,1,1,4,3,1.98,2,2,1,8,2.46,1,2,1,2,1,2,2,1,2,3.8,2,3,1,2,1,2.99
2.3.1.30,1,4,1,1,2,2,2,5,4,2,5,2.99,3,3,2.98,2,2,3,2.81,4,2,4,2,4,2.99,2.93,3,3.01,2.84,3,2.99,5,3.08,3,3.85,2,2,4,1.96,2.13,2.02,4,2,3,3,4,4,2,2,2,2,3,3
2.3.1.31,1,2,1,1,1,2,2,1,2,1,2,2,2.14,2,2,2,2,2,2,2.02,2,1,2,2,1,2,1,2,2,2,2,2,1.99,1,2,1,1,2,1.99,2,2,2,2,2,4,3,3,2,2,2.14,2,2,2.87
2.3.1.37,1,1,1,1,2,1,2,1,3,2,2,2.43,2.01,2,2.5,3,2,2,2,3.05,3,4,2,4,2,2.98,3,2.94,3,2,2,2,3,3,2,1.94,2,2,2,2,3,3,4,2,2,5,2,2,2,2,2,2,2.77
2.3.1.39,3,5,2,1,4,2,2,3,2,2,3,2.43,2,4.99,4.09,2,2,2,2,3,2.5,3,2,2,2,2,2,3,2.35,2.99,3,2,2.3,3,2,6,2,2,4,2,3,2,4,3,3,3.48,6,2,2.02,4,2,2,3
2.3.1.47,1,2,1,1,3,2,2,2,3,3,2,3,2.99,2,2,2,2,2,2.83,4,2.99,2,2.97,3,2,2,2,3,3,4.45,3,2,2,3,2.81,2,2,3,2,2,2,1,2.88,3,2,3,5,3,2.01,2,2,2,2.11
2.3.1.5,1,1,1,1,2,2,2,3,2,2,2,2,2,2,2,2,2,2,2,2,2.06,2,2,2,2,2,2,2,2,2,4.49,2,2,2,2,1.52,2,2,1.92,2,2,1,2,3,3,2.58,4,2,2,2,2,2,2
2.3.1.54,6,9,1,1,2,2,2,4,2,2,4,3,5,3,2,2,2,2,2,2,1,1,5,2,2,2,3,2,2.09,2,4,4,3,2,4,1.99,4,3.61,3,1,2,2,3,2,3,2,2,2,1,1,2,2,1
2.3.1.57,3,2,1,1,6,2,3,3,2,2,2,2,3,2.88,2,2,3,3,2,2,2,4,3,4,2,2.99,2,2,5,1.95,2,2,3,4,3,1.63,2,4,1.91,3.95,4,3.03,2,2,1,7,3,3,5,5,3.55,5,2
2.3.1.61,4,4,6,3,6,5,5,4,5,6,5,5,6,5,4,5,5,5,5,5,6,5,5,5,5,5.99,4.95,6,6,5,6,7,5,6,6.32,4,5,6,4.06,4,5,4,6,6,6,6.59,7,5,6,7,5,6.97,7
2.3.1.8,5,6,1,1,3,2,3,2,2,3,3,3,4,4,2.62,2,2,2,3,3,3.82,2.99,2.03,3,2.08,2.96,3,3,2.84,2.35,2,2,5.75,3,2.84,2,3,2,2,3,2,1,3.39,3,2,2.64,6,2,2.09,2.5,2,2,5
2.3.1.89,1,4,1,1,1,1,2,1,1,1,2,1,2,2,2,1,1,1,1,2,1,1,1,2,2,2,2,1,1,1.99,2,1,2,1,2,1,1.98,1,1,1,1,1,1,1,1,1,1,2,1,1,1,1,2
2.3.3.10,1,6,1,1,2.15,1,1,1,1,2,2,1,1,2,2,1,2,1,1,2,2,2,2,2,1,1,1,2,3,2,2,1,4,3,2,1,1,2,1,2,2,1,4,2,1,2,2,1,2,2,2,1,2
2.3.3.13,2.98,4,1,2,3,4,2,2,2,2.99,4,3,3.03,2,2.05,2,2,2,2,3,2,2,2,3,2.73,2.82,4,2.91,3,3,2,2.46,2.91,2.76,3,2,2,3,2,3.85,2.93,2,4,2,2,3,5,2,2,2.03,2,2,3.72
2.3.3.15,1,1,1,1,1,1,4.01,2,1,2,2,2,1,1,1,1,1,1,1,2,2,1,1,1,1,1,1,1,1,1,2,1,1.88,1,1,1.82,1,2,3.11,1,2,1,1,2,2,1,2,2,2,2,1,1,1
2.3.3.9,1,1,3,2,2.1,3,2,2,2,2,2,1,2,2,2.2,2,2,1,3,3.78,2,2,3,2.86,4,2.99,2.15,2,2.31,3,3,7,2,2,3,2,2,4,2,2,2.63,2,6,2,4,2,6,3,3,2,2,2,2.93
2.4.1.1,6,8,1,2,4.1,2,8,4,4,3.77,3,3,3.28,6,3,3,4,4,3,4,4.99,5,2.62,3.83,2.43,3.99,2,3.4,5,3.9,3,5,3,5,4,2,2.6,4,2,2,6,2,3.71,5,3.32,5,5.73,3,3,3.44,3,4.34,4
2.4.1.109,1,2,1,1,2,2,2,2,2,2,2,2,2,2,2,2,2,2,2,5,2,2,2,2,2,2,2,2,2,4,2.01,2,2,2,2,1.86,1,2,2,2,2,2,3,2,2,2,2,2,2,2,2,2,2
2.4.1.11,1,3,1,1,2,1,1,3,1,2,1,2,1,1,1,1,2,1,1,1,1,1,2,1,1,1,2,1,1,2.03,3,1,1.98,1,2,1,1.77,1,2,1,1,1,1.99,1,1,3,2,1,1,1,1,1,2
2.4.1.12,2,2,2,1,3.2,4.83,2,5,2,2,2,2,2.9,2.78,2,2,2.67,2,2.42,2,3.97,2,3,2,3,2.46,2.52,3,4,3.95,3.41,2,4,4,2.08,2,2,2.02,2,2,3,2,3,3.66,3,2,2,2,2.01,2,2,2,5
2.4.1.129,7,9,5,3,6,5.93,6,6,5,5,5,5,6,6,5,5,5,5,5,10,6,5.74,5,5,5,5.99,5,6,6,6,6,4,7,6,6,4,5,6,5.02,5,4.99,4,6,6,6,7,8,5,4,6,5,5.97,6
2.4.1.145,1,1,1,1,3,1,5,1,2,1,2,2,1,2.88,1,2,1,2,1,1,1,3,1,3,1,1,2.11,2,1,1,2,1,1,1,3,1,1,1,1,3,1,2,1,2,1,5,1,2,1,1,1,2,2
2.4.1.15,2,1,1,1,2,2,2,2,2.05,3,2,3,2,4,3,2,2.19,2,5,3,3,2,2,2,2,3.93,2.9,2.88,4,2.99,3,2,2,3,2.07,2,2,2,2,3,3,4,3,2,1,5,2,2.98,3,2,4.06,5.97,2.99
2.4.1.16,1,1,2,1,1,1,1,4,2,2,2.04,2,2,1,2,1,2.69,2,2,2,2,2,2,2,2,2,2,2,1,1,2,2,2,1,1,1.93,2.05,2,1,2,1,2,3,2,1,2,2,2,5,2,3,2,1
2.4.1.18,3,5,8,1,3,3.72,5,4,3,3,3,3,3,2,3,2.83,3,3,3,4,3.42,3,4,3,4,3.99,3,4,3.99,4,4.99,2,3.05,4,3.2,2.02,3.99,2.99,2.01,3,3,3,4,3,5,5,6,2,3,3,3,3.33,4
2.4.1.182,1,3,1,1,2,2,2,2,2,3,3,3,3,2,2,2,2,3,2,3,2,2,2,3,2,3,2,3,2.96,2.92,3.7,3,2.19,3,2.06,2,2.04,2,2,2,2,2,2.08,2,4,2,4,2.9,2,2,2.86,2,2.03
2.4.1.21,5,5,4,3,5,2,3,3,5,5,5,5,6,5,5,5,5,5.99,5,6,6,5,5,5,5,5.99,5.3,6,4.97,4,5,2.84,3,5,5,4,5,4,3.02,4,3.98,4,5,5,5,4,5,5,3.04,6,5,5.11,4
2.4.1.227,4,6,1,2,4,2,3,3,3,3.18,4,3,3,5,2.98,3,3,2,3,4,3,3,3,4,3,4.99,3,3,3.03,5,3,2.28,3,4,4,2,5,3,2.72,2,3,2,3,4,2,3,5.53,2,3,3,3,4,3
2.4.1.25,5,7,2.76,2,3.93,2,5,4.12,4,4,4,3.33,6,3,3,2.96,4,3,3,4,4.85,4,3,4,3.07,4.99,3,4,4,4,5,2,3,4,5,2.71,3.06,3,3,3,4,3,4,3.19,3,4,6,2,5,3,4,3.13,4
2.4.1.255,1,2,1,1,4,2,2,2,2.98,2,2,3,2.65,3,2,2,2.06,4,2,3,2,4,2,4,2.91,3.06,3,2,2,2,2,2,2.98,2.73,3,1.99,1,2,1.99,4,5,4,2,3,5,6,2,2,2,2,2,2,2
2.4.1.5,1,5,1,1,1,1,2,1,1,1,1,1,2,1,1,1,1,1,1,1,1,1,2,2,1,1,2,1,2,1,2,1,1.9,1,2,1,1,1,1,1,1,1,1,1,1,1,1,2,1,1,1,2,1
2.4.1.80,1,1,1,2,2,1,2,2,2,2,2,2,2,1,4,2,2,2,2,2,2,1,1,2,1,2,1,2,2.36,1,5,2,2.97,2,2,7.95,4,2,2,2,2,1,2,1,1,4,2,2,2,2,2,2,2
2.4.2.1,5,5,2,1,3,2,2,2,3,2,2,2,3,2,2,3,2,2,1,2.64,2,2,3.85,4,3,2.76,4,2.47,2,3,2,2,2.3,2.59,3.96,2,2,3,2,7,4,2,2.95,2,2,3.96,2,2,2.73,2.96,2,3,2
2.4.2.10,2.99,4,2,2,3,2,2,1,2,2,3,2.07,2.48,2,2,2,2,2,2,3,2.07,2,2.98,2,2,2,5,3,2,2,5,2,4,2,2,2,2,2,2,2,5,2,3.09,2,1,2,4,2,2,3,2,2,3
2.4.2.14,1,3,2,1,3,2,2,3,2,3,2,2,3,5,2,2,2,2,2,3,2.06,2,2,2,2,2.99,2,2,3,4,2.59,2,3,3,2,3.48,2,4,1,2,6,2,3,2,3,2.41,4,2,2,2,2,4,3
2.4.2.17,1,2,1,1,2,2,4,2,2,2,2,3,2,2,2,1,2,2.04,1,2,2,2.77,2,2,3,2.02,2.17,2,2,2,3,2,5,2,3,2,1.88,2,2,3,3.31,2,2,2,2,4,4,2,2,2,2,2,3
2.4.2.18,1,2,2.7,3,3,2,5,2.28,3,3,3,2,3,2,3,2,2,2,2,3,3,2,2,3,2.96,3,2,2,2,4,3.1,4,2.88,3,3,2.01,2,2,2,3,6,2.74,2,3,3.2,3,4,2,3,2,2,2,3
2.4.2.21,1,2,2,1,2.21,2,2.96,3,3,3,3,3.16,3,2,2.44,3,3,2.02,3,3,2.95,2,2.92,3,2,3.14,2,3,2.81,3,3,2,4.98,4,3,2,2.19,2,3,2,5,2,2,3.01,3,2,4,2,2,2.82,2.01,3,3.16
2.4.2.22,1,3,1,1,1,2,2,1,2,1,1,1,2,1,2,1,2,2,1,2,1,1,1,1,1,1,1,2,2,1.98,2,1,2,2,3.97,1.98,1.85,1,1,1,1,2,2,2,2,1,3,1,1,1,1,2,2
2.4.2.3,1,2,1,1,1,4,2,1,2,2,1,2,2,1,1,2,2,1,1,1,1,2,1,1,1,1,1,1,2,1,2,1,2.4,2,1,1,1,2,1,1,1,1,1,1,1,2,2,1,1,3,1,1,1
2.4.2.4,3,4,2,1,2,2,2,2,2.99,2,2,2,2,2.98,2,2,3,2,2,2,2.03,2,3,3,2,3.22,5,3,3,3,2.99,2,3.81,2.99,3,1.99,2,3.84,2,2,6,2,4,3,4,4.93,2.14,2,2,2,2.14,3.95,2
2.4.2.43,1,1,1,1,2,2,1,4,1,1,2,2,1,1,1,1,1,1,1,2,1,1,1,1,1,1,1,2,1,1,2,1,1,1,2,1.94,1,1,1,1,1,1,1.97,1,1,1,4,1,2,1,2,1,1
2.4.2.53,1,1,1,1,1,1,2,1,1,1,1,2,1,2,2,1,1,1,2,2,1,2,2,2,2,2,2,2,1,1,2,1,1.65,2,1,1,1,2,1,1,3,1,1.99,1,1,1,4,2,1,2,2,1,2
2.4.2.7,4,6,2,1,2,2,2,1,2,2,3,1,2,2,2,2,2,2,1,3,2,2.06,2,2,2,2,2,2,2.97,4,1,2,2,4,2,1,2,2,2,1,5,2,2,1,2,3.76,3,2,3,2,2,2,2.21
2.4.2.8,3,7,4,1,1,2,1,2,2,2,3,2,2,4.47,2,2,2,2,2,2,2,3,1,2,1,2,1,2,2,1.99,2,2,2.62,2,2,2,1.98,1,1.98,1,3,1,2,2,2,3,2,1,2,2,2,2,2
2.4.2.9,2.98,6,2,1,2.19,8,7,4,2,1,2,2,2,2,2,2,2,1,1,2,2.95,2,2,2,2,2,2,2,2,2.02,2,2,2.67,2,3,2,4,2,2,2,5.23,1,2,2,2,2,4,2,2,5,2,2,4
2.4.99.12,1,2,2,3,2,2.09,3,4,2,3,2,2,2.88,2,2.3,4,2,4,2,3,3,2.97,3.99,2,2,2.99,2,2,2,2,2.02,2,2,4,3,2,1.99,2,3,2,2,4,2.2,2,3.31,4,5,2,2,2,2,2,2
2.4.99.16,1,3,2,1,2,2,3,3,2,2,2,2,2,2,2,2,3,2,2,3,2,2,2,2,4,2.35,2,3,2,2.7,3,2,2,2,3,1.93,2.33,4,3.99,2,2,2,2,3,2,2,5,2,2.63,2,2,2,2
2.5.1.101,1,2,1,1,2,1,1,1,2,1,2,2,2,1,2,1,2,1,1,1,2,1,1,1,2,2,1,2,2,2,2,1,1.73,2,1,1.51,1,1,1,5,2,1,1,2.87,2,2,2,2,2,1,1,1,2
2.5.1.141,1,1,1,1,2,2,2,4,1,1,1,1,1,2,2,2,1,2,1,2.22,1,2,2,1,2,2,2,2,2,2,2,2,2,2,2,2,1.82,2,4,1,4,1,1,1,1,2,5,1,1,2,2,1,2
2.5.1.15,1,4,1,1,4,2,3,2,2.5,3,2,3,3,2,2,2.95,3,2,2.29,3,3,3,3,3,3,3,2,2.07,3,3.07,5,2,3,4,3,2,2,2,4.01,2,3,2,2,2.83,2.07,4,4,2,2.01,2,2,3.97,3
2.5.1.16,5,5,5,5,6,4,4,4.99,8,8,8,8,8,8,7,7,7.41,8,7,8,8,9,8,8,7.95,8,8,8,6,7,7,3.92,4.96,6,6,9,7,5,6.02,6,4,5.04,8,6,7,6,8,8,4,8,8,9,6
2.5.1.17,1,4,4,1,2.64,2,2,2,3,3,4,3,3,3,2,1,2,2,2.86,3,2.58,2,2,2,2,2,3,2,2,4,2,2,3,3,3,1.97,4,2.64,2,2,3,2,2,2.85,2,2,5,1,1,2,2,2,2.02
2.5.1.18,1,2,1,1,2.58,2,2,2,2,2,2,2,2,2,2.72,1,2,2,2,4,2,2,2,2.52,2,2,1,2,2,2,2,3,2.01,2,2,3,2,2,1.94,3,2,2,2,2,2,2,3,2,3,2.3,2,2,3
2.5.1.19,1,5,2,2,3.46,2,3,3.96,4,4,4,4,4.06,3.3,3,4,4,4,3.98,4,4.97,4.01,4,4,3.99,4.99,4,4.89,4,3,3.93,2,3.97,4,4,2,3,3,4,3.34,5,3,3.01,4,4,5,4.09,3,3,4,3,4,4
2.5.1.3,1,4,2,2,3,2,2,4,4,4,4,4,3.91,3,4,3,4,3,3,4,4,3,3,4,3,4,3,4,3.15,4,3.16,2.89,3,4,3.81,2.17,3.95,4,2,4,2.98,2.99,3,3.02,3.41,3,6.02,3,3,3,3,3.28,3
2.5.1.39,1,2,1,1,2,3,2,4,1,1,1,2,2,2,2,1,2,2,2,2,1,2,2,2,2,2,1,1,3,2,2,3,2,3,4,1,2,4,3,1,2,2,2,2,2,1,3,2,2,2,2,2,2
2.5.1.47,1,6,3,1,3,7,6,5,2,3,4,2,2,2,2,1,2,1,2.03,3.89,3,2,3,2,2.74,4.99,2,3,2.58,2.34,2.29,2,3,4,2.13,2,2.01,3,4,2,3,2,2,3,2,2,6,2,2.98,2,2,2,3
2.5.1.48,1,2,1,1,1,1,2,1,1,1,2,2,2,2,1,1,1,1,2,2,2,1,1,1,1,2,1,1,1,1,2.08,2,1.99,1,2,1.84,1,2,1,2,2,1,1,1,1,1,3,1,1,2,2,1,2
2.5.1.54,1,3,1,1,2,3,3,2,2,2.49,2,2,2,3,2.46,2,2,2,2,3.07,3,2,2,2,2,2.98,2,2.92,2.61,3.03,3,2,2,2,2,2,4,3,2.89,3,2,2,4,2,3,2.03,8,2,2.6,2,2,2,2
2.5.1.55,1,3,2,1,2,2,3,2,3,2,2,2,4,2,2,2,2,2,2,3,2,2,2,2,2,2,2,2,2,2,2.01,2,2,3,2,2,2.95,2,2,4,2,1,2,2,1,2,3,2,2,2,2,2,2.28
2.5.1.6,4,6.99,2,1,4,6,2,5,2,2,3,5,4,4,2,3.99,2,3,2,3,3,4,3,3,2,3,2.01,2,4,3,3,2,3,4,4,2,2,4,5,3,4,3,3,4,3,6,5,3.15,2.31,3,2,3,3
2.5.1.61,2,3,1,2,3,2,3,3,3,2.34,3,4,3,2,2,3,3,2,2,4,3,3,2,3,2,2.11,2,3,2,3,4,2,4,3,2,2,2,2.11,3,2,3,2,3,2,3,4,5,2.02,2.97,3,2.01,2,3
2.5.1.7,5,8,3.89,2,4,2,2,4,5,5,5,5,6,5,5,5,5,5,5,6,6,5,5,5,5,5.99,5,6,4,4,5,2,4,5,4,3.05,4,3,3,4,3,3,4,4.98,4,3.97,5,4,3,5,4,5,4
2.5.1.74,2,2,3,2,3,3,2,4,3,3,3,3,3,3,2.01,2.03,3,3,4,2,3,3.82,3,3,3,3.26,4,3.02,3,3,3,2,2,3,3.03,1.98,2,2.91,2,2,2,2.01,3.09,4,3,4,3,3,2.98,2.81,2,5.51,3
2.5.1.75,4,7,2,1,3,3,4,5,2,3,2,4,2,2,2,2,2.98,3,2.35,5,3.97,2.97,2,4,2,3.45,2.17,3,4,3,3,2,5,3,3,2,4.42,4,2,2,5,5,3,2.9,2.06,3,6,3,2.57,2,2,2,3.33
2.5.1.78,1,3,1,2,1,2,2,2,3,2,2,3,2,1,2,1,2,2,1,3,1,2,2,2,2,2,2,2,1,2.05,2,2,2,2,2,6,2,2,2,1,2,2,2,2,2,2,3,2,2.36,2,2,2,3
2.5.1.9,1,2,1,1,2,4,5,1,2,2,2,2,2,2,2,2,2,1,2,2,1,1,1,2,2,2,1,2,2,1.98,2,2,2,2,5.32,1.97,1.79,2,2,1,2,1,2,1,1,1,3,2,1,2,2,2,2
2.6.1.1,1,2,2,1,5,4,2,2,6,6,6,6,6,4,5,5,5.4,4.01,5,6,6,4.21,5,5.9,5.01,5.99,5,6,4,3,3.7,2,2,3,3,2.17,3.11,2.72,3,4,2.75,4,3,4,3,3.96,6,4,2.1,5,5,6.11,3.68
2.6.1.13,1,2,1,1,5,2,5,3,2,2,2,2.82,2,2,2,2,2,2,2,3.07,2.08,2,2,2,5,2,2,3,3,2,2,2,2,2,3.02,1.91,2,2,2,2,2,2,2.02,3,1,4,2.05,2,3,3,2,2.99,3
2.6.1.16,5,9,4.47,3,5,3,4,4,3,3.25,3,2,4,3,3,3,4,2.35,3,4,4.97,2.23,2.99,3.97,4,3,4,4,4,3,3,2,3,4,5,2.05,2.02,2.09,2,3,4,2,4.72,4.06,4,4,7,3,3,3.15,2,3,4
2.6.1.37,1,2,1,2,2,2,3,4,2.99,3,3,3,2.01,2,2.51,2,3.88,2.03,2,4,2.95,3,2,3.71,4,3,2,3,2,2.4,2.07,2.24,2,2.07,3.01,2,2,2,2.09,3,2,2,2,3,2,3,5,2,3,2,2,3,2
2.6.1.42,1,6,1,1,3,2,2,2,2.27,3,3,4,3,3.9,3,2,3,2,2,3,3,2.92,2,2.17,2.42,3,2,3,2.07,5,4,2,2.98,5,3,2,3,2.91,2,2,2,2,2.99,4.07,3,3.98,4,2.01,2,2,2,2,3
2.6.1.52,1,4.78,1,2,2.18,4,2,2,2,2.99,2.92,2,3,2,2.01,3,2,2.99,3,3,4,2,3,2.01,5,2.01,2,2.91,4,2.98,3,3,3,2.76,3,2.05,2,4,2,3.01,3,2,2.23,3.18,2,2,3,2.73,3,2,2,2,2
2.6.1.62,1,2,5,2,2,6,2,1,3,2,2.82,2,3,2,2,2,2,3,2.96,3,2.04,3,3,2,2,2,2,3,2,4,2,2.03,2,3,2.04,2,2,2,2,3,3,1,4,3,2,3,6,2,2.38,3.24,7,2,3.79
2.6.1.76,2,1,1,1,2,2,2,1,2,2.43,2,2,2,2,2,2,2.65,2,2,2,2,3,2.98,2,2.02,3,2,2,2,2,5,2,2,2,2,1.83,2,3,3,2,2,2,2,3,1,2,6,2,2,2,2,2.42,4
2.6.1.82,1,1,1,1,1,1,1,1,1,1,1,1,1,1,1,1,1,1,1,2,1,1,1,2,1,2,2,1,1,1,1,2,1,1,2,1,1,1,2,1,1,1,1,1,1,2,2,1,6,3,1,1,1
2.6.1.85,1,3,2,1,3,2,3,1,3,3,3,3,3,2,2,2.76,3,2.01,2.81,2,3,2,2.92,3,2.91,3,2.11,3,2,2,2,2,2,2.73,3,2,2,2,2,2.11,2,2,3,2.72,3.99,2,4,2,2,2.06,2.07,3,2
2.6.1.87,2,3,1,1,1,1,1,1,1,1,1,1,1,1,1,2,2,1,1,2,1,1,1,1,1,2,1,1,1,2,2,3,1.96,1,1,1,1,1,1,2,2,1,1,1,1,2,4,1,1,1,1,1,2
2.6.1.9,1,2,2,1,3,2,2,2.85,3,2,3,2.95,2,3.01,4,2,3,2.29,2,4,3.84,3,2.09,2.99,2,3,3,3,3,5,4,3,3.01,2.99,4,2,2.88,4,4,3,4,4,2.98,3,2.02,4,6.09,2,2,3,2,4,4
2.6.99.2,1,2,1,1,2,2,2,1,2,2,3,2,2,2,2,1,2,2,2,2.14,2,2,2,2,2,2,3,2,2,2.64,2,2,2,1,2,2,1.81,2,2,2,2,2,1.95,2,1,2,4,2,2,2,2,1,4
2.7.10.2,2,1,1,1,4.08,1,2,2,3.65,2,3,4,2.01,3,1,4,1,4,2,1,3,5,5,4,4,4,3,4,3,4,2,1,2,2.01,2.91,1,1.98,2,1,2,3,2,1,3.04,1,5,2,2,1,2,2,3,2
2.7.1.1,1,1,1,1,2,1,1,4,3,4,2.71,3,3,4,4,3,4,3,3,1,4,5,2,3.53,2,3,2,3,3,2,2.89,1,1,3,3,1,2,2,1,2.04,3,3,5,2.38,4.99,6,2,2,2,2,1,4,2
2.7.1.100,4,4,5.91,4,7,4,6,7,7,7,7,8,7.99,7,7,7,6,8,7,7,7,8,8,8,7,7,7.12,7,7,7,7,7,7,7,7,6,7,8,9,8,7,9,7,7.97,8,9,6,7,6,9,6,9,7
2.7.1.107,2,4,1,1,3.99,3,2,2,2.1,3,3,2.98,3,2,2,2.1,3,4,2.97,2,4,4,3,3,2,3,2.34,3.22,3,3.95,3,2,2,3,3.18,2.42,3.01,4,2,2,3,2,2.99,3.22,3,5,2.79,2.02,2,2,2,3,2
2.7.1.11,5,9.34,4,3,3,4.19,2,3,3,4,5,3.06,3,5.28,3,3,3,3,3,2.71,4.47,3,4,4,4,4.99,2.04,4,3,3,4,2,3,4,4.02,5,2,5,3,2.99,2.01,3,3.36,4,3,5,2,3,2,2.39,2.01,4,3
2.7.11.1,6,3,6.96,3,7,6,5,8,5,5.53,4.03,6,6,6,5,6,5,6,5,5,6,7,5.1,6,5.95,6,6,6,6,6,6,3,5,6,6,3.03,5,4,3,6,5,7.04,5,6,5,9,8,5,4,6,4,7.97,6
2.7.1.121,1,2,1,1,4,5,2,3,2,1,2,1,2,1,3,1,1,1,1,3,1,2,1,1,2,1,2,1,1,1,3,1,1.72,1,1,1.85,1.99,1,1,2,1,1,2,1,2,1,2,1,2.73,2,2,1,2
2.7.11.24,2,1,1,1,3.89,1,2,1,2,2,2,2,2,2,1,2,1,3,1,2,2,3.65,2,2,1,3.99,3,2,2.06,3,2,1,2,2,2,1,1,3,2,5,2.3,3,1,2,1,4,2,2.62,1,3,2,4,2
2.7.1.130,1,4.01,2,1,2,3,2,3,3,4,3,3.75,3,2.93,4,2.17,3.27,3,3,4,3.91,2.06,2.84,3.92,3,3.99,3,3.98,3,3.73,3,3,2.45,4,3,5,2.44,2,2,2.84,2,3,4,4,4,3,5,2,2.01,3,6,4.97,3
2.7.1.148,1,3,2,2,3,5,2,2,3,3.19,3,3,3,2.08,2.98,2,3,2,3,4,3,4,3,3,4,3.82,4,4,4,5,3,2.15,3,3,4,2,3,2.01,2,2.07,3,2.02,3,3.63,2,3,4,2,3,3,2.86,2.97,4
2.7.1.15,2,2,1,2,2.58,5,3,2.03,3,3,3,3,3.02,3,3,3,3,2,3,4,4,3,3,3,3,3.99,3,3,2.85,3,4,3,3,4,3,2.07,3,2,4,2,4,2,3,3,4,3,5.01,2,3,4,3,3.95,4
2.7.1.19,1,2,1,1,2,1,3,5,1,1,2,1,2,1,2,1,1,1,1,2,1,1,2,2,1,1,1,2,1,1,1,1,1.93,1,2,1,1,1,1,2,2,1,2,1,1,1,1,1,1,1,1.99,1,1
2.7.1.199,2,4,1,1,1,2,2,2,1,2,2,2,1,1,2,2,1,2,2,2,2,2,1,1,2,2,2,1,1,1,2,1,2,1,1,1,1,1,1.93,2,2,1,1,1,1,1,1,2,1,1,1,1,1
2.7.1.2,3,5,2,1,2.55,2,4,2.99,3,3,2,2.17,2.01,2,2,2,2.37,1,3,4,3,2,2.03,2.25,2,3,2.04,3,3,2.71,3.5,2,2.05,2.46,3,2,2,3,2,2,2,2,3,2,2,2,4,2.84,2,2.13,2,3,3
2.7.1.202,1,2.99,1,2.62,1,2,2,1,2,2,2,1,1,1,1,1,2,1,1,2,2,1,2,2,2,2,1,2,2,1,2.33,1.99,2,1,2,2,1,2,1,4,1,2,1,1,1,2,3.28,1,1,1,2,2,1
2.7.1.207,5,2,1,1,1,1,1,2,2,2,2,1,2,2,1,1,1,1,1,1,2,1,2,1,1,1,1,1,2,2,1,1,1.72,1,2,1,1,1,1.97,2,1,1,1,2,1,1,1,1,1,1,2,2,1
2.7.1.21,3,5,2,1,3,5,2,3,2,2.74,2,2,2,2.51,2,1,2.02,2,1,2,2.87,2,2,2,2,2.99,2,2,2,2,3.94,2,2,3,1,1,2,2,2,2,2,3,2,2,2,2,2,2,2,2,5.38,2,1
2.7.1.23,8,4,1,1,4.98,7,7,6,3,3,4,3,3,4,3,3,3,2.04,2.14,3,3,3,2,3,2.97,2.98,8,3,4.64,5,4,6,5,3.86,4,3,4.84,4,5,4.05,2,3,4,3,3,7,7,2,2.01,3,4,3,3
2.7.1.24,2,5.95,3,1,3.53,2,4.03,2,2,3,2,2.01,2,2.04,2.18,2,2,2,2,4,1,2,2.1,2,2,3.99,3,3,2,3.62,4,2,3,4,4.19,2,2,2,2.03,2,2,2,2,2.25,3,3,4,2,3,2,2,2,3
2.7.1.25,1,3,1,1,4,2,2.99,2,2,2,2,3.57,2,2,2,2,1,2,2,3,2,2.96,2,2,3,2,2,2,2,2,2.98,2,2,2,2,1.93,2,2,2,2,2.98,2,2,2.96,1,4,3,2,2,1,2,2,2
2.7.1.30,5,5.01,9,7,7,8,8,7,7,7,7,7,7,6,6,6,7,6,6,7,7,6,6,7,6.95,7,7,7,6,6,6,4,5,7,6,5.72,6.02,5,5.02,7,6,6.04,6.47,6,7,8,9,6,5,7,6,8,6
2.7.1.33,3,5,2,2,4,2,7,4,3.03,4,2.11,5,4.07,3.97,2.99,2,4,4,4,4,5,3,4,4,3,4.99,4,5,4,5,5,2,2.14,5,5,2,4,3,2,2,2,3.02,5,5,2,4.44,4,3,2,3,2,3,5.13
2.7.1.35,4,7,1,1,2,3,5.02,2,3,2.01,2.78,2,2.94,2,2,2,2,2,2.86,3,2,2.96,3,2.32,2,2,1,3,2.9,2.54,2,2,2.95,2,3,1.64,1.89,2,2,2,2,1,2,2,2.71,4.1,4,2,2,5,2,4,2
2.7.1.36,1,4,2,1,2,2,2,1,2.96,2.8,2,2,2,3,2,2,2,2,2,2.3,2,2.94,2.5,2,1,2,2,3,2,2,2.96,2,1.78,1,2,1.99,2,1,1.99,2,1,2,2,2,2,1,2,2,2,2,2,3,1
2.7.1.39,1,6,2,2,3,3,2,3,2.76,3,2,3,2.1,4,2.18,1,4,2,2,3,4,2,2.49,2.28,2,5.99,2,3,2,2.98,5,2.85,4.99,3,3,2,3,4,3,2,2,2,3.08,2.94,3,2,8,3,2.71,3,2.04,3,5
2.7.1.40,6,9,2,2,5,6,4,5,4,4,4,4.59,4,5,2.92,4,3,5,3,4.2,3.97,5,4,4,4,3.99,3,4,4,3,4,2,4,4.99,5,3,4,4.68,4,3,4,4,2.96,4,3,7,6.94,4,3,3.36,3,6.2,4
2.7.1.48,6,4,1,1,2,1,1,1,1,2,1,2,3,2,1,1,1,2,2,2,2.12,2.09,2,2,3.95,2,1,2,1,2,2.48,2,3.96,2,2,1.84,3,2,1,1,2,1,1,2,1,3,2,1,1,2.95,2,3,2
2.7.1.49,2,6,2,1,3,3.28,3,2,2,2,4,3,2,4,2.65,2.73,3,2,2,3,4.89,2,2,2.02,3.96,2.99,2,3,4,3,4.8,2,3,2,3.82,5,2,2,2,3,3,2,2.6,3,3.98,3,4,2,2,2,2,2,3
2.7.1.56,2,5,2,1,3,3,8,6,2,2,2,2,2,2,2,2.81,2.03,2,2.23,2,3.38,2,2,3,2,2.99,2,2,3,2,4,2,3.99,2,2,1.98,2,2,2,2,2,2,3,3,2,2.99,4,2,2,3,2,2,2
2.7.1.58,1,2,2,1,3,2,5,2,4,3,4,3,3.09,2,2.03,2.79,2.77,2,2,3,2.8,3,2,2.3,3,3,2,3,4,3,4,5,2,4,4,4,3.94,3,2,2,2,1,4,5,5,2,2,2.96,3,3,2,3.97,5
2.7.1.6,1,5,1,1,3,2,2,2,2,3,4,3,3,2.93,2,2.09,3,3,3,3,3.97,2.67,3,3,3,3.99,3.62,3,2,3,2.89,2,2.81,2.75,4,1.99,2.18,2,2,3,2,3,4,4,4,3,2,3.45,2,3,4,6,2
2.7.1.60,1,1,1,1,1,2,6,1,2,2,2,2,1,1,1,1,1,3,1,2,1,2,2,2,1,2,1,1,1,2,1,1,1.65,1,1,1.58,1,2,1,1,1,1,1.98,1,1,1,1,2,1,1,2,2,1
2.7.1.71,1,5,2,4,5,2,2,3,2,3,2,2.01,3,2.95,3,3,4,2,3,3,3,2.06,2.49,3,3,3,2.08,3,4,2,2.91,2,2.25,4,4,2,2.96,2,3,2,2,3,3,3,3,4,4,3,2,3,2,4.97,2
2.7.2.1,4,7,6,1,3,3,2,6,3,2,5,2,3,6,2,2,3.48,2.94,2.01,3,2.96,3,2.06,2,5,2.98,2.99,3,3,3,4.36,2,3,4,3,2,2.02,2,3,2,2.02,2,3,3,2,3.13,5,2,2.86,3,2,2.06,3
2.7.2.11,1,3,2,2,3,3,4,3,3,4,3,3,3,2,3,3,3.06,2.45,4,4,4,3,3,4,3,3.99,3,4,5,2.61,3,4,3,3,3,3,3,3,4,2,3,2,4,4,3,3,5,2.83,3,3,3,3,4.97
2.7.2.2,1,3,1,1,1,2,2,2,2,2,2,2,3,2,2,2,2.04,3,2,3,3.23,2.18,3,2.26,2.95,2.01,2.2,3,2,2.95,2,2,2,2,2,1.95,1.84,2,2,2,2,2,2.09,3,2,2,4,2.03,2,2,2,4,2
2.7.2.3,5,6,2,2,4,4,2,2,4,2.8,4,2,3,4,2.01,3,2,4,3,4,3,2.68,2.22,3,3.22,3.69,2,3,4,2.03,3,2.99,3,4,4.01,2,3,3,2,2,3.02,2,5,3,2,6,4.11,3,2,5,2,5.97,3
2.7.2.4,2,5.95,1,1,4,2,2,2.84,3,2.81,4,4,2.59,6,2.48,2,2,2.46,2,3.95,2.68,2.97,2.35,2,3,3,2,2,3,3,3,2,3,3,3.86,2,2.97,2,2,3,3,2,4,4,3,2,5,2,3,3.06,2.12,3,3
2.7.2.8,2,1,1,1,2,8,2,1,2,2,2,2,2,2,2.38,2,2,2,2,2.93,1,2,2,2,2,2,2,2,2.82,3.38,2.01,1.99,2.8,2,2.4,2,2,2,5.02,2,2.28,2,2,2,2,3,4,2,2.07,2,2,2,3.28
2.7.4.1,2,3,2.84,1,5,4,3,6,5,5,5,5,5,4,4,4,4.85,5,4,5,5,4,4,5,4.95,4.99,4.62,5,5,6,5,3,4,5,5,3,4,4,5,4,3,4,4,6,5,5,8,4,5.95,4.03,4,4,6
2.7.4.16,1,3,2,1,3.2,2,2,2,3.8,3.43,4,3,3.06,3,3,3,3.29,3,3,4,3.98,3,3,3,3,4,3,4,3,3.95,3.01,2,2.09,3.96,4,2,4,3,2,3,3,2.02,3,4,4,4,5,3,2.98,2,3,4.97,4
2.7.4.2,1,4,2,1,1,2,2,1,2,2,2,2,2,2,1,1,2,2,1,2,2,2,1,2,2,2,1,1,2,2,2,1,2,2,2,1.99,1,2,2,1,2,2,2,2.12,1,2,2,2,1,2,1,1,2
2.7.4.22,3,7,2,2,2,2,2,6,2,2,3,1,2.12,5,1,2,2,1,2,3,2,2,2,2,2,2.99,2,2,2.05,2,2,3,2.93,4,4,2,3,2,3,2,2,1,2,2,5,2,3,2,2,2,2,2,2
2.7.4.23,1,2,1,1,2.35,2,2,2,2,2,2,2,2.12,2,2,2,2,2,2,3.96,2,2,2,2,2,2.01,1,2.11,2,2.02,2,2,1.98,3,3,2,1.99,2,2,2,2,2,2,2.92,1,2,3.16,1,2,2,2,3,2
2.7.4.25,4,7,2,2,2,4,3,2,2,2,2,2,2.98,3,2.11,2,2,2,1,4,2,2,2,2,3,2.02,2,2,3,3,2.99,3,3.99,4,3,2,2.5,2,2.78,2.52,4,2,3,3,2,2,3,2,2.1,2,3,2,3
2.7.4.3,6,8,2,2,5,2,3,4,3,3,3,3,3,2,4,4,2.93,4,2,3.09,3.97,5,2.95,4,4.98,4.99,3,3.06,4,3.42,5,5,2,3.97,4,1.91,2,2.48,3,2,4,4,3,5,3,5,3,3,2.01,4,3,3,3.99
2.7.4.6,3,2,5,2,5,2,4.97,2,3,3,2,2,3,3,2,2,2,3,2,2,2,3,4,3.02,2,2,3.04,3.01,3,2,2.97,2,4,3,3.88,1.99,4,1,2,5,4,4,5,3,3,6,2,4,2,3,2,4.97,2
2.7.4.8,4,8,3,4,3,4,3,3,3,2,2,3,2,2,2.85,2,3,2.53,2,3.95,2,2,2,2,3,2,2,2.09,2,4.01,4,2,2.19,2,3,2,1.95,3,2,2,3,3,3,2,1,3,3,3.98,2,2.02,2,2.15,4
2.7.4.9,2,3.11,2,1,2.37,3,2,6,3,3.14,3,3,3,3,3,3,3,3,3,3.7,3.99,2.93,3,3,3,3,2.67,3,4,3,3.04,2,2.69,3,3,2,2,2,3.82,2,2.3,2,3.02,4,3,3,3,3,2,3,3,4.08,4
2.7.6.1,2,6,1,1,3,3,2,2,3,2,3,3,3,3,2,2,2,2,2,3,2.5,3.01,2.07,2.22,2,3,2.15,2.72,3,2,3,2,2.96,3,5,2,2,2,5.02,2,2.02,2,2.03,3,4,4,4,2,2,2.02,2,3,3
2.7.6.2,2,4,2,1,2,1,2,1,2,2,2,2,2,2,2,5,2,2.94,2,2,2,2,2,3,2,2,2,2,1,3.18,2,2,2,2,2,1,1,2,2,1,2,1,2,3,1,3,2,2,2,2,2,2,2
2.7.6.3,1,3,1,1,2,2,2,2,2,3,2,2,2,2,2,2,2.02,2,2,3,2,3,2,2,2.49,4,2,2,3,3,2.83,4,2,4.29,3,2,3,2,2.1,2,2,2,2.21,2,3,2,4,2,2,2,2,2,2
2.7.7.12,1,3,3,1,2,2,2,3,3,3,2,2,2,2,2,3,2,2,2,2,2.99,2,2,2,2,2.98,2,3,2,2,2,1.99,2.8,2,3,2,2,2,2,2.99,2,5,2,3,1,2.03,2,2,2,2.09,2,2,2
2.7.7.13,2,2,1,1,2.36,2,2,3,2,2.74,2,2,2,2.35,2.57,2,2,2,3,3,2.93,2,3,2,2,2.97,2,2.07,2,5,2,2,3,2,3,2,3,2,2,2,2.71,2,2,3,3,3.14,7.25,2,3,2,3.03,5.97,4.99
2.7.7.18,3,5,2,1,2,2,2,4,2,2.15,2,2.39,3,2,2.02,2,3.7,2,2,3,2.99,2,2,3,2.76,3,2,3,3,3,3.97,3,2,2,3,2,1.88,2,2,2,2,2,2.49,2,2.27,3,4,2,3,2,2.91,2,5
2.7.7.24,3,4.88,1,1,2,5,4,4,2,2,2,2,1,2,3,2,2,1,2.15,2,2,2,2,2,2,2,1,2,2,3,2,2,2.66,2.15,3,1.71,1.96,2,1,2,2,2,3.01,2,1,2,4,1,2,1,2,3,2.96
2.7.7.27,4,4,1,1,2,2,3,2.01,2,2.98,2,2,3,2,2,2,2,2,2,3,2.97,2,2.01,3,3,2.2,2.59,2.09,2,2,4,2,2.98,2,2.01,1.9,1.93,2,1.94,4,2.98,3,2,2.91,1,2,2,2,2,2,2,2,2
2.7.7.3,2,4.05,2,1,2.34,3,2,1,2,2,2,2,2,2,2,1,2,2,1,3,2,2,1,2,2,2,2,2.67,2,2,2,2,2,1,2,1.99,1.81,2,1.99,2,2,2,3,2,1,2,3,2,2,2,2,2,2
2.7.7.38,1,3.68,4,1,3,4,2,2,2,2,3,2,3,2.28,2,2.01,2.03,3,2,3,2,2,5,2,2,3,2,2,2.31,3,2.99,2,2,3,3,3.04,2,3,2,3,2,1,4,2,2,2.02,3,2,2.09,2,3,2,4
2.7.7.39,1,2,1,1,1,1,1,5,1,1,2,1,1,1,1,1,1,1,1,1,1,1,1,1,1,1,1,1,1,1,1,1,2,1,1,1,1,1,1,1,1,1,1,1,1,1,1,1,1,1,1,1,1
2.7.7.4,1,2.52,5,1,4,3,4,2.01,2.58,3,3,3,3,3,4,3,3,3,3,4,3,4,2,4,3,3.99,3,3.62,3,2.55,5,7,3.03,3,4,2,3,3.99,2.97,2,4,3,3,4,4,6,5,3,3,4,2,4.96,3
2.7.7.6,8,10,6,5,6,5,7,8,6,6,7,6,6.98,8,6,5,6,6,6,7,7,7,6,6.74,6,6.99,7,7,6,6,6,4,5,6,6,6,5,6,6,8,5,7,6,6,6,8,9,6,8,6,5,10,6.11
2.7.7.60,1,3,1,1,2,2,2,2,2,2.77,2,5,3,2,2,2,2.3,2,2,2,2.53,4,2.01,2,2,2.98,2,2.7,2,2,5,2,2.01,3,2,1.89,2,2,2,2,2,2,2.29,2.12,2.37,2,4,2,2,2,2,2,3
2.7.7.7,7,9,7,5,7,8,8,8,10,9,9,9,10,9,9,9,9,10,9,9,9,10,9,9,9,10,9,10,10,7,7,6,6,7,8,6,6.98,7,7.02,8,8,8.04,7.06,7,8,9,10,9,5.03,9,8,10,8
2.7.7.77,2,2,1,1,2,2,5,2,3,2.73,2,3,2,2,2.99,2.98,2,3,3,3,3.11,2,3,2.7,3,2.99,2.24,3,2,3,2,2,2,6,2,2,2.84,2,3.34,2,4,2,2.1,3,3,2,3,2,2,3,5.62,2,2.97
2.7.7.8,7,8,4,5,5,5,6,9,4.09,5,5,4.06,4.89,5,4.06,5,4,5,4.98,5,5.97,5,5,5,5,5.99,5,5,5,4,5,6,4,5,5,3,4.93,5,4.71,3,3.58,3.03,4,5,4,4,6,4,4,5,3.97,4.97,5
2.7.7.9,4,6,1,1,2,2,2,3,2.01,2,3,2,2,3,2.01,3,2,3,2,3,3.02,3,2,2,2.09,2.02,2,2.71,2,2,2,2,2,2,3,1.97,2,2,2,2,2,3,3.09,3,1,5,3,2,1,3,2,2,5
2.7.8.13,2,6,3,2,5,3,5,6,4.37,5,5,4.87,5,4,3.92,4,4,4,4,5,5,4.81,4,4,4,4.99,4,5,5,4,5,3,3,5,5,3,3,4,4,3,4,3,4.99,5,5,4,6,4,4,4,3,5,5
2.7.8.24,1,2,1,1,2,1,1,2,2,2,2,1,2,2,1,2,2,3,2,2,2,1,2,2,2,2,2,1,2,2,1,1,1,1,2,1,1,2,2,1,2,1,2,2,1,2,3,1,2,1,2,2,2
2.7.8.26,4.01,3,3,3,5,2,4,5,8,8,7,7,7.01,6,6,6,7,6,6,7,7,7,7,8,6.95,8,7,8,5,5.97,6,4,3.18,6,6,3,5,5,4,6,4,5.04,5,6,6.86,6,8,5,4,6,7,8,5
2.7.8.37,2,4,1,4,2,2,3,4,2.94,2,2,2,2,2.01,4,2,2.01,2,3,4,2.03,3,2,2,2.88,2,2,2,2,2,3,3,3,2,3,2,2,2,6,2,2.02,1,2,3,2,2,6.35,2,2.59,2,2.98,2,3
2.7.8.5,2,3,2,1,4,2,2,2,3,3,2,3,3.81,3,2.74,3,2.72,3,3,4,4,3,3,3,2.78,3,3,4,4,3,3,2,2.54,4,6,2,2.58,2,2,4.57,4,3.48,3,4,4,3.01,3,4,2.87,4,2.89,2.01,3.93
2.7.8.7,3,3,3,4,3.89,4,3,3,4,4,4,4,4,3,3,4,4,3,3,4,3.97,3.01,3,4,4.97,4,3,4,4,4,5,3,4,3,3,3,2.94,3,3,3,4,2.04,3,4,4,5,4,4,3.99,3,3,4,4
2.7.8.8,1,2,2,1,2,2,2,2,2,2,2,2,2,1,2,1,2,2,2,3,2,2,2,2,2,2,2,2,2,2.54,2,3,2,3,3,2,2,2,2,1,2,2,3,2,2.4,3,3,2,1,2,2,1,2.69
2.7.9.1,3,7,1,1,2,2,2,2,2,2,4,2,3,2,3,2,2,3,3,5,3,2.59,3,2.74,3,3,2,2.08,3.29,2.19,3,2,3,5,5,2,2,4,2,2,3,2,2,3,2,2.61,3,2,4,2,2,2,3.2
2.7.9.2,2,3,1,2,2.19,2,4,2,3,3.02,2.98,3,2,2,2,2,2.03,2.03,2,2.05,3.97,2.99,3,3,3,3.98,3,3,3,3,4.92,4,4,2,3.8,2,2,2,2,3.52,2,2,3,3,2,3,6,2,2,2.96,2.04,3,3
2.7.9.3,2,2.04,2,1,3.14,3,3,6,4,3,3,2,2,3,2,3,3,2,2,2,2,2.98,2,3,2,3.63,2,3,4,2,3,2.58,3,2,3,2,2.22,4,2,2,2,2,3,2.97,3,5,4,2,2,3,4,3,3
2.8.1.1,1,1,1,1,1,1,1,1,1,1,1,2,1,1,1,2,1,1,1,2,1,1,1,2,2,1,1,1,1,2,1,2,2,1,2,1.98,1.99,1,1,1,2,1,2,2,2,2,4,1,2,1,2,1,2
2.8.1.10,1,1,1,1,1,2,2,2,2,2,3,3,2.14,2,2.01,2.98,3,2,2,3,3,4,2,2,2,3,2,3,2,2.83,2,2,2,3,3,2,2,4,2,2,2,2,2,2,2,2,4,2,2,2,2,2,3
2.8.1.12,2,1,5,1,2.15,2,2,2,2,2,2,2,3,2,2,2,2,2.82,2,2,2,2,2,2,2,2,1,2,2,2,2,2,2,2,2,1.85,1.94,2,3,2,2,1,2,2,2,3,3,2,2,1,2,3,2
2.8.1.4,2,5,1,1,1,2,2,3,2,2.85,2,2,2,2,2,2,2,1,2,2,2,2,2.09,2,2,2.09,1,2,3,2,2,2,2.07,2,2,1.61,2.07,2,2,1,2,1,2.67,3,2,2,5,2,2,2,1,1,2
2.8.1.6,2,4,1,1,2.21,4,2,3.95,2,2,6,2,2,3,2,2.78,2,2,2,3,2,2,2,2,2,2,2.11,2,3,2,2,4,2.2,2,4,1.95,2.11,2,2,2,5,2,2,1,2,3,4,2,2,2.01,2,2,3
2.8.1.7,6,8,3,1,6,4,3.87,6.42,4,5,4.43,4,5,6,4,3.01,5,4,4,4.07,5.97,4.69,4.83,5,4,4.99,6,5,6,6,6,2.92,4,6,6,2.71,4,4,3,3,3,3,6,6,5,6,8,4,3,4,3,4,6
2.8.1.8,1,2,1,1,3.07,5,2,2,2,2,2,2,2,2,2,2,2,1,2,3,2,2,2,2,2,2,2,2,3,2,4,2,2,2,3,1.99,3,2,2,1,3,2,2,2,4,3,3.51,2,2,3,2,2.03,2.77
2.9.1.1,1,3,2,2,2.21,2,5,2,4,4,4,3,4,3,3,3,4,3,3,3.99,4,3,3,4,3.96,4.99,3,4,3,3,3,3,3.97,2,3,2,3,2,2,2,2,2,3,4,3,2.99,6,4,2.97,3,3.54,4.01,3
3.1.1.11,1,2,1,1,1,4,3,1,2,2,2,2,2,2,1,2,2,1,1,2,2,1,2,2,2,2.97,1,2.01,1,1,2,2,2,1,2,1,1,2,1,2,2,1,1.94,1,1,2,1,1,1,2,2,2,2
3.11.1.1,1,1,1,1,2,2,1,1,1,2,2,2,2,2,1,2,2,1,1,2,1,1,2,1,1,2,1,1,2,1.97,1,2,2,2,1,1,1.87,1,1,1,1,2,1,2,1,1,3,1,1,1,1,2,2
3.1.1.14,1,1,1,1,2,2,2,1,2,2,1,1,2,1,2,1,2,1,2,2,2,2,1,2,2,1,1,1,1,2,2,2,1.72,1,1,1.62,1,1,1,2,1,1,1,1,1,1,3,1,1.99,2,2,2,1
3.1.1.22,1,1,1,1,2,2,2,1,2,2,4,1,1,2,2,1,2,1,2,6,2,2,2,2,2,2,2,2,2,2.9,1.99,3,1,1,1,1.79,2,2,2,2,2,2,1.98,2,2,2,2,2,1,2,2,2,2
3.1.1.23,1,1,1,1,2,1,1,1,1,2,1,3,1,1,1,1,1,1,1,1,1,1,1,2,1,1,1,1,1,1,1,1,1,1,1,1,1,1,1,1,1,4,2,1,1,3,1,1,1,1,1,1,2
3.1.1.24,1,1,1,1,2,2,3,1,2,1,2,2,2,2,2,1,2,1,2,3,1,1,1,2,2,2,2,1,1,1.98,2,3,2,2,2,2,1.84,2,2,2,2,2,2,2.44,2,2,6,1,2,2,4,2,4
3.1.1.31,2,2,3,3,3,2,2,2,6,6.8,6,6,7,6,6,6,6,6,6,6,7,6,6,6,6,6.99,6,7,6,8,7,3,4.95,7,6,5,6.49,5,4,4,4,4,7,7,5.6,6,4,5,4,6,5,6.82,8
3.1.1.47,1,2,2,1,4,4,5,3.01,5,5,5,5,5,4,4,4,5,4,4,5,5.26,4,4,5,4.41,5.99,4,5,4,4,3.99,6,3,3,3,2.99,3,3,6.02,4,3,3,3,4,4.98,5,6,4,3,4,4,5.97,2.99
3.1.2.12,2,1,1,1,4,5,2.9,4,2,3,2,4,3,3,2,4,2,3,3,3,2,3,2,2,2,2.87,2,2,2,2,2,2,1.97,1,3,2.57,1.95,2,2,3,2,4.61,4,2.01,3,6,4,2,1,2,2,3,2
3.1.2.6,1,1,2,1,3.17,3,2,2,2,3.04,4,2,2,2.14,2,3,2,3.17,3.76,3,2.64,2,2,3,2,2,3,2,2.94,4.64,3.25,2,1.93,2.43,2,3,2,2,1.99,2,2.35,2,2.14,3,3,3,3,1,2,2,2,2,3
3.1.3.1,1,3,2,2,4,3,6,3,3,3,3.4,2,2,4,3,2,3.96,2,3,4,3.74,2,3,3,2.69,3,2.22,3,4,5,3,2,3,4,3,2,2.02,2.14,3,3,2.02,2,3.97,4,3,4,4,2,2,3,2.99,4,3.01
3.1.3.11,2.81,4,2,2,3,2,2,2,4,4,4,3,2,4,2.13,4,3,4.95,1,3,2,4,3,4,5,3,3,2.06,2,2.99,3.64,2,3,3.99,4,2.33,3,2,2,4,3,2,2,3.01,2,6,5,2,2.21,2,2,2.31,4
3.1.3.15,1,2,1,1,3,2,2,1,2,2,2,2,2,2,3,2,2,1,2,2.51,2,3,3,2,2,2,2,3,2,2,2,2,3.03,4,2,1.99,2,6,2,5,2,1,2,2.98,2,3,2,2,2,2,2,2,2
3.1.3.16,6,7,7,6,8,6,9,6,7,7,7,7,7,7,6,6,6,6,6,7,7,7,6,7,6.95,7,6,7,7,6,6,4,6,7,7,5.05,5,6,5,7,8,8,6,6.13,7,8,9,6,5,6,6,8,6.75
3.1.3.18,1,3,1,2,3,2,2,3,2,2,2,1,1,2,2,2,2,1,2,2,1,1,2,2,2,2,2,2,2,2,2.94,3,2,2.01,2,2,2,2,2,2,2,1,2,2,2.08,1,4.01,2,1,1,2,2,3.09
3.1.3.2,1,2,7,1,3,2,2,3.22,2.03,2,2,3,4,3,2,2,2,2,2,2,2.1,4,2,3,2,2.84,2,3,2,2.24,2.92,2,2,3,3,2,2,2,2,1,2,1,2,2,1,4,4,2,2,2,2,2,2
3.1.3.25,1,2,2,1,3,2,2,3,2,3,2,2,2,2,2,2,2,2,2.09,3,2.98,2,5,4,2.96,2,2,3,3,2,2.61,2,2.13,3,3,2,2,2,2,3,2,2,2.78,3,2,4,3,2,2,2,3,2,3.68
3.1.3.27,2.79,3,2,1,6,2,2,3,3,3.72,3,3,4,6,3,5,3,5,4,2.22,6,5,5,4,5.95,4.06,4,4,2,2,2,1.99,2,5,5,2,2,2.95,2,4,3,5,2,2,7,4,3,3,4,3,2.34,2,3.08
3.1.3.3,1,2,1,1,1,1,1,1,1,2,1,1,1,2,1,1,2,1,1,2,1,2,2,1,1,2,2,1,2,1,2,1,2,1,2,1,1.86,2,2,2,2,3,2,1,1,1,3,2,2.01,1,2,2,2
3.1.3.5,2.83,3.48,2,2,4,3,2,3,3,4,2.61,2,4,6,2,2,2.96,2,2,2,2,2,2,3.79,2,2,3,3,4,4,4,2,2.23,3,2,2,2,2,2,2,2.74,3,2,2.39,2,3,5,2,2,2,2,2,4.26
3.1.3.7,1,2,1,1,2,2,2,1,2,2,2,2,2,2,2,1,2.72,2,2,2.92,2,1,2,2,2,2.99,3,2,2,1,2,1.99,2,2,1,1.87,1.83,1,1,2,2,2,2,1,2,1,3.45,2,2,2,2,2,1
3.1.3.70,1,2,1,1,1,5,2,2,1,2,2,1,1,1,2,1,1,1,2,1,1,1,1,1,1,1,2,1,1,1,2,2,2,2,2,1,2.01,2,2,1,2,2,1.98,2,1,2,2,2,1,1,1,1,2
3.1.3.77,1,1,1,1,3,1,2,2,2,2,2,2,2,1,1,1,1,2,1,2,2,2,1,2,2,1,1,1,1,1,2,1,1.67,1,2,1,1,1,1,1,3,1,2,1,1,3,3,1,1,1,1,1,2
3.1.4.11,3,3,7,4,6,4,6,4,5,5,5,5,5.37,5,4,5,4,5,5,8,5.97,5,5,6,5.95,4.99,4,6,6,5,5,5,4,5,6,5.99,4,5,4,5,6,5,4.68,5.01,5,7,3,5,4,4,5,6.97,5
3.1.4.14,1,2,1,1,2,2,2,3,2,2,2.59,2,2,1,2,1,2,1,2,1,2,1,1,2,2,2,2.98,2,2,2,2.72,2,1,1,1,1.83,1,2,1,1,1,1,1,1,1,1,3,1,1,2,1,1,1
3.1.4.3,4,3,4,1,3,3,2,2,3,3.44,3,3,3,3,2,2,3,2,2.97,2.35,3.99,4,2,3.23,3,3.86,3,3.33,3.83,2,2.01,2,3,2,3,3,2,2,2,2,3,2,3,2.4,2,4,8,2,2,2,3,3.77,4
3.1.4.39,1,1,1,1,4,1,1,5,1,1,2,2,1,3,1,2,1,1,1,1,1,3,1,1,1,2,1,1,1,2,1,1,1,1,1,1,1,1,2,1,1,1,1,2,1,4,2,1,1,1,1,2,1
3.1.4.4,1,2,2,1,3,2,2,1,3,3,3,3,4,2,2.06,3,3,3,3,2.98,3,4,3,4,3,4,3,3.87,3,3,2,2,2,3,4,2,2,2,2,3,2,2,2.09,3,2.04,5,6,2.99,4,2,3,4,5.14
3.1.4.53,1,2,1,1,1,2,2,3,2,2,2,2,2,2,2,2,2.01,2,2,3,2,2,2,2.7,2,2,2,2.07,2,2,2.05,2,2,1,2,1.94,2.98,2,2,2,2,2,2,2,2.07,2,4,2,2.02,4,2,2,2
3.1.4.55,1,1,1,2,1,2,1,1,1,1,1,1,1,1,1,1,1,2,1,1,1,1,1,1,1,1,1,1,1,1.97,2.02,2,1,1,1,1.58,1.85,2,2,2,2,1,1,1,1,1,3,2,2,2,1,2,2
3.1.5.1,1,2,1,1,1,1,2,3,3,2,1,1,1,1,1,1,2,1,2,2,1,2,2,2,1,1,1,1,1,2,3,1,2,2,1,6,1.98,1,2,2,2,1,1,1,1,2,4.97,1,1,4,2,1,2
3.1.6.14,1,1,2,1,3.17,1,2,1,5,3.03,3,4,2,4,1,3,2,4,2,1,3,5,2,4,2,3.99,5,3,3.06,1,2,1,1,2.01,3,1,2,2,1,1,2,3,2,2,1,7.05,2,2,1,3,1,5,2
3.2.1.1,4,4,1,1,2,2,2,2,3.85,2,2,2,2,1,1,2,2,2,1,2,2,1,1,2,2,2,1,2,2.01,4,3,2,2,2,2,1.84,2,1,1,2,2,1,2,2,2,1,2,2,2,1,2,1,2
3.2.1.113,4,2,5,1,6,1,2,3,2.11,2,3,2,2,4,1,2,1,3,1,1,2,3,2,3,2,3,2,2,4.86,2,2,1,1.7,2,3.03,1,1,3,1,2,1,3,1,3,2,6,2,2,1,3,5,4.97,2
3.2.1.14,2.8,2,3,2,3,2,2,2,6.02,6.2,6,6,6.09,6,7,6,6,6,6,7,7,6,6,6,6,6.99,6,7,4,4,4,3,3,5,4,3,4,3,3,4.34,2.22,4,3.74,5,5,4,5,5,3,6,5,6.98,3
3.2.1.141,1,2,2,2,2,2,3,2,3,3.36,3,3,3,3,3,3,3,3,3,4,3.97,2.35,3,3,3.95,3.98,3,4,3,3,3,2,4,2.33,3.03,2,4.12,2,2,3,2,3,2,3,3,2,5,3,2,3,3,3.98,3
3.2.1.18,2.84,3,2,2,4.94,2,3,3,6,5.91,6,5,6,4,5,4.61,9,5,5,6,6,5,5,6,5,5.99,5,6,5,4.95,4.36,3,3,4.98,9,3,4,4,3.35,5,4,7.04,4,5.13,9,7,6,4,3,5,5,6.97,7
3.2.1.22,1,3,1,1,3,2,2,3,3,4,3.34,4,4,4,3.01,2.99,3,4,3,2,3.97,3.96,3,3.68,5,4.99,3,5,4,3.14,3,3,3,5,3,2,4,3,2,3,2,4,3,4,2,7,2,2.59,4,2.01,3,4.68,3.06
3.2.1.23,3,6,5,2,5.03,5,8,7,5,5,5,5,5.07,5,4,5,5,5,4.01,5,5.97,6,5,5,5,5.99,4,5,5,5,5,7,4,5.62,5,2.68,4,3,3.02,5,4.01,6.04,5,5,5,7,4,4,6,5,4.99,5,5
3.2.1.26,2,3.3,2,1,2,4,1,1,1,2,2,2,2,1,1,2,2,2,1,2,2,2,2,2,2,3.99,1,2,2,2,2,1,2,2.41,2,1.91,2,2,1,1,2,2,2,2,1,2,2,1,1,2,2,2,2
3.2.1.28,2,3,1,2,2,2,2,2,4,4,5,4,4,3,3,4,4,4,4,4,4.97,4,4,4,3.95,4,4,4,3,3.04,3.51,2,2,3.4,3,3,3,3,2,8,2,3,3,3.62,3,2,5,3,2,4,3,3.89,2.98
3.2.1.51,2,4.01,7,1,3,2,2,2,3,4,4,3,3,2.09,2.92,3,3,4,3,2,3.52,4,4,5,3,4,2.92,4,4,3,3,2,3,5,4,2,3,2,2,5,2,3,5,4,3,6,2,4,3,3,3,3,4
3.2.1.52,1,3,1,1,3,5,2,2,3,4,3,3,3.5,3,2.99,4,3,4,3,3,3,4,5,4,2.37,4,3,3,3,2.99,4.34,2,2.87,4.95,4,2,4,3,2,3,3,2,4,3.97,2,5,3.89,3,2,3.01,3,3,3
3.2.1.85,4.85,2,1,1,1,1,1,1,2,1,1,1,1,1,1,1,1,1,1,1,1,1,1,1,1,2,1,1,2,1,1,1,2,1,1,1,1,1,1,1,1,1,2,2,2,1,1,1,1,2,1,1,1
3.2.1.93,1,3,1,2,2,2,1,5,1,2,1,1,2,1,1,1,1,1,1,2,1,2,2,2,1,2,1,2,2,2,1,2,2,1,1,2,1,2,1,1,2,2,3,1,1,2,2,1,1,1,1,1,2
3.2.2.4,5,4.4,5,4,7,3,6,6,8,8,8,8,8,8,7,8,7,9,8,7,8,8,9,8,8,8,9,8,8,8,8,9,8,8,8,6,8,8,10,8,7,7.04,7.36,9,8,10,8.01,8,7,9,7,9,8
3.2.2.9,2,4,1,1,2,2,4,1,2,2,2,2,2,2,1,1,2,1,2,2,2,1,2,2,2,2,2,2,2.62,2,2,2,2.01,2,1,1.92,2,4,2,1,2,2,2,2,1,1,2,1,2,2,2,2,2
3.3.1.1,2,3,5,1,4,5,2,2,4,3,2,4,3,3,4,3,2.74,3,2,4,5.99,4,5.05,3,3,4.99,5,2.09,4,4,3,5,6,2.38,4,2.01,2,5,4.06,2,6,2,2.98,4,3,6,6,4,5,5,2,4,4
3.3.2.6,2,1,1,1,2,2,2,2,2,3,2,2,2,3,2,2,2,3.64,1,1,2,5,3,2,2.14,3,4,2,2,2,1,1,1.76,2,1,1,1,3,1.92,4,2,3,1,3,1,5,2,2,2,2,2,2,2
3.4.11.1,2.8,2,2,3,5,4,3.11,4,3.9,4,4,3,4,5,3,4.87,3.98,3.91,3,5,4,3,3,4,3,4.99,3,4,4,3,3.71,2.58,2.87,4,4,3,4,2.48,2,3,3.34,3,2.95,4,4,6,5.95,2.33,3,3,4,4,5
3.4.11.2,2,2,2,1,3,2,2,2,5,5,5,5,5,5,4,5,5,4,4,5,5.97,5,4.95,5,5,5.99,4,6,3,4,3.26,2,2,4,4,2.37,2.99,2.99,2.74,4,4,3.04,3,4,4,6,2.14,4,3,4,6,5.97,3
3.4.11.5,3.73,2,1,2,2.24,3,2,2,4.18,5,4,4.48,5,3.99,4,4,5,4,4,5,5,4.98,4,5,4.95,4.99,4,5,3,3,2.22,2.99,2,3.49,2,2,2.93,2,2,4,2,3,3,2.97,3,4,4.02,4,3,4,5,5.97,3
3.4.16.4,1,5,6,1,5,4,6,5,4,4,5,4,4.07,4,3.02,3,4,3.42,5,4.04,4.97,4,4,4,4,4.99,4,5,5,5,5,3,3,5,5,3,4,4,5.01,3,4.03,3,4,5,6,5,9,3,3,3.97,3,5,6
3.5.1.1,2.78,4,1,1,1,2,9,2,2,1,2,1,2,1,2,2,2,2,1,2,2,1,2,2,2,1,2,1,2,2,2,2,2,2,2,3,2.01,1,1.99,2,2,1,1,2,2,3,5,1,5,1,2,2,3
3.5.1.10,1,2,1,1,1,2,2,1,1,2,2,2,2,1,2,1,1,2,1,2,1,1,1,1,1,2,2,2,2,2,2.01,2,1.88,2,2,2,1.99,1,1,1,1,1,1,2,1,1,3.78,2,2,1,4,2,2
3.5.1.108,1,4,3,1,2,3,4,3.94,2,2,2,2,2,2,2,1,2,2,2,3,2,2,2,3,2,2,2,2,2,2,2,2,2,2,2,1.99,2,2,2,2,2,2,2,2,3.26,2,3,2,2,1,2,2,3
3.5.1.16,1,2,1,1,1,2,2.05,3,2,2,2,2,2,2,2,2,2,2,2,3,2.01,2,2,2,2,2,2,2,2,1,3,2,2,2,2,2,1.97,3,2,2,2,2,2,2,2,2,6,2,2,2,2,2.15,3.98
3.5.1.18,1,2,1,1,2,2,2,2,4.87,2,4,2,2,2,2.12,2,3,2,2,3.08,2,2,3,2.69,2,2.91,2,3,2,2.02,3.88,2,2,3,3,2,2,2,2,2,2,2,2,2,2,2,4,2,2,2,2,2,3.92
3.5.1.2,1,2,1,1,5,3,3,4,2.03,2.07,2,2,3,2,2,2,2,3,3,3,3.35,2,2,2,2,4.31,2,2,2.92,2,2,5,2,2,1,2,4,2.96,3,3.99,2,2,2,2,1,4.74,3,2.91,2.94,2,2,2,2
3.5.1.23,1,1,1,1,1,2,2,1,2,2,2,2,2,2,2,2,3,1,2,2,2,2,1,2,2,2,2,1,2,1,2,1,1.99,2,3,1.99,1.86,2,2,2,2,1,2,2,2,1,5.02,2,2.23,2,2,2,2
3.5.1.25,1,4,1,1,2.34,2,2,1,3.08,4,3,3,3,3,3,2.45,3,2.03,3,3,3,3,2.77,3,3,3.81,2.92,3.69,3.95,2.92,3,2,3.46,2,3,2,2,2,2,2,2,2.18,2,3,3,3,6,2,2.96,2,3,3,3
3.5.1.4,1,1,1,1,1,2,6,4,1,1,1,2,1,1,2,1,2,1,2,3,1,1,1,1,1,1,1,2,2,2,2,3,1.99,1,1,1.99,1.8,2,2,1,2,1,1,1,1,1,3,1,2,1,1,1,2
3.5.1.47,1,4,1,1,2,2,2,3,1,1,1,1,2,1,1,1,1,1,1,2,1,1,1,1,1,2,1,1,1,2,2,1,2,1,1,1,1,3,1,2,1,2,3.02,1,1,1,2,1,1,1,2,1,2
3.5.1.5,2,2,1,1,4,3,2,5,5,3.04,2,3,2,3,2,2,2,3,4,3.94,2,4,3,2,3,3,3,2.64,5,4,2.98,2,3,2,3,2,2.86,2,2.93,2,2,2,2,2,3,6,6,2,2,2,2.38,3.01,5
3.5.1.53,1,2,1,1,1,1,1,1,1,1,2,2,1,1,1,1,1,1,1,2,2,1,2,2,2,2,1,2,1,1.98,1,1,2,2,2,1.63,1,1,1.93,1,2,1,1,2,2,2,3,1,1,1,1,1,1
3.5.1.54,1,1,1,1,1,2,2,2,2,2,2,3.24,2,2,2,2,2.06,2,5,2,2,2,2,2,2,2.81,2,2,2,2,2,1.99,1.99,2,2,1.99,2,2,1,2,2,2,1.97,2,2,1,2,2,2,3,2,2,2
3.5.1.9,1,3,2,2,3,2,7,4.96,3,3,2.81,5,3,2.48,2,2.34,2,3,2,3.11,2,4,2,4,2,2,4.06,3,2.95,2.04,3,4.02,2,3,2,1.87,3,1,2,2,2,2,2.97,2.28,2,2,3,2,2,2,2,3,3
3.5.1.96,1,1,1,1,1,2,2,1,2,2,2,2,2,2,2,2,2,2.06,2,2,2,1,2,2,2,2,2,1,2,1,2.19,2,1.98,1,2,1,2,1,2,1,2,1,2,2,1,1,4,2,2,2,2,2,2
3.5.2.3,1,4,2,1,3,2,5,5.04,2.69,3,3,3,3,2,3,3,2.31,2.88,2,4,2.99,3,4,3,4,3.99,4,3,3,5,3,3,2.92,3,3,2,2.13,2,2,2,4,1,6.46,4,3.24,3,7,3,3,4,3,3,3
3.5.2.5,2,2,1,1,2,2,1,3.99,2,2,2,3.17,2,1,2,1,2,1,2,2,2,2,2,2,2,2,2,2,2,1,2,2,3,2,2,1,2,2,2,1,6,1,3,2,2,3,2,2,2,3,2,2,2
3.5.2.6,1,3,1,1,2,6,6,7,2,2,1,4,1,2,5,3,2,2,1,8,2,2,2,2,2,2,6,2,2,2,2.02,3.2,6,3,2,2,3.01,4,4,2,5,2,2,1,1,1,2,2.01,2,4,2,2,1
3.5.2.7,4,2,1,1,2.33,2,2,2,2,2.06,3,2,2,2.09,2,2,3,3,2.89,3,2,2,2,2,2,2.87,2,3,2,2.47,4,2,2,3,3.99,2,2.02,2,2,2,2,2,2,3,2,3,6,2,6,2.03,2,2,2.01
3.5.2.9,1,2,1,1,2,2,3,1,2,1,2,1,2,2,2,2,1,1,2,4,1,1,2,2,2,1,1,1,2,2,2.01,3,2,1,2,1.99,2,1,1,1,2,1,1,2,2,2,7,1,2.99,1,1,1,2.94
3.5.3.11,1,2,1,1,1,2,4,1,2,2,2,1,2,2,2,2,2,2,1,2,2,1,2,2,1,2.99,2,2,2,2,2,2,2,1,2,1,1,1,1.98,2,2,1,2,1,1,2,5,2,2,2,2,2,3.42
3.5.3.12,1,2,2,1,2,4,2,2,2,2,2,2,2,2,2,2,2,2,2,3,2.07,2,2,2,2,2.47,2,2,2,2.82,2,2,2.01,2,3,2,2,2,2,1,2,2,2,2,2,2,5,2,2,2,2,2,3
3.5.3.23,1,2,1,1,1,1,2,3.94,1,2,2,2,2,2,1,2,2,1,1,2,2,2,2,2,2,2,1,2,2,4,2,2,1.93,2,2,1.99,1.95,2,2,2,2,1,1,2,1,1,4,2,1.99,2.96,1,1,2
3.5.3.26,1,1,1,1,2,2,1,1,2,2,2,2,1,1,1,2,1,2,2,2,1,1,1,1,1,1,1,1,2,1,1,1.98,1.68,1,2,1.99,1.89,2,2,2,2,2,1.97,2,1,1,5.77,1,1,2,2,2,3
3.5.3.4,1,2,1,1,1,2,2,2,2,2,2,2.07,2,1,2,2,2,2,2,2,2.07,2,2,2,2,2.16,2,3,2,2,2,2,2,1,2,2,1.77,2,2,2,2,2,2,2,3,2,3.19,2,2,2,2,2,2
3.5.3.6,1,4,2,1,2,4,2,2,2,2.5,3,2,2,2,3,2,2,2,2,2,2.01,2,2,2,2,2.96,2,3,2,2.21,2,4,2,2,2.85,1.84,2,2,2,2,2,2,2.99,2,2,2,6,2,2,3.99,3,3,2
3.5.3.8,1,2,1,1,2,2,2,3,2,2.46,2,2.56,2,2,2,1,2.37,2,2,2,1,2,2,2,2.8,2,2,2.61,2,2,3,1.99,1.99,1,2,1.98,1.99,2,1,2,2,2,2,2,1,2,4,2,2,1,1.99,2,2
3.5.4.12,1,3.03,1,1,2,1,1,2.2,2,2,2,2,2,1,2,1,1,1,3.93,2,1,2,1,2,2,1,1,1,2,1,1,1,2,1,2,1.84,1,1,1,1,2,1,2,1,2,3,2,2,1,1,4,2,2
3.5.4.16,3,4,1,1,3,2,2,5,2.92,2,2,2,1,1,2,2,2,1,2,2.02,2,2,2,2,3,2,2,3,3.61,2,2,3,4,2,2,2,1.99,2,2,2,2,1,3,3,3.99,6,6,2,2,1,2,4,2.58
3.5.4.19,1,2,1,1,1,8,3,2,2,2,2,2,2,1,2,2,2,2,2,2,2,1,2,2,2,2,2,2,2,2,2,1,2,2,2,2,2,2,1,1,2,2,2,2,2,1,2,2,1,3,2,2,2.18
3.5.4.2,1,2,2,1,2,2,2,2,2,2,3,2.12,2.92,2,2,2,2.97,2,2,2,2,2,2,2,2,2.16,4,2,2,3,3,3,3.03,3,4,2,2,3,2,2,2,2.99,2,2.97,3,2,4,2,2,2,2,6,3
3.5.4.25,2.82,2,1,1,2,2,2,5,2,2,3,3,2,3.99,2,3,2,2,2,3,2,2,2,2,2,2.88,2,2.01,3,2.23,3,3,3,2,2,2,3,3,4.02,2.05,2,1,2.99,3,2.99,2.59,4,2,3.84,4,3,2,4
3.5.4.3,1,2,6,1,1,2,1,1,2,2,2,2,2,1,2,1,2,1,2,2,1,1,2,1,1,1,1,2,2,1,2,2,6,2,2.06,2,1.86,2.11,4,6,2,1,2,2,1,2,7,2,2,1,2,2,2.1
3.5.4.44,1,1,1,1,1,1,1,1,1,2,1,1,1,1,1,1,1,1,1,2,1,1,1,1,1,2,2,2,2,2,2,1,1,1,1,1,1,1,1,5,1,1,1,1,1,1,2,1,1,1,1,1,1
3.5.4.6,1,1,1,1,2,1,2,1,2,2,2,3,2,1,1,1,2,1,1,1,2,3,1,2.99,2,2,4,2.1,3,3,2,2,1.74,2,3,1,1,2.3,1,1,2,1,2.54,2.22,6,6,2,2,1,2.53,1,4,2
3.5.99.6,2,6,2,1,2.35,5,1,2,2,1,2.86,2,2,2,2,2,2,4,2,2,2,2.8,2,3,2,2.1,2,2,2,2.95,2,2,2.07,4.01,3,1.93,2,2.3,1.96,2,2.15,4,3,2.4,3.28,4,2,2,5,2,2,4,2
3.5.99.7,2,1,1,4,1,2,1,1,1,1,1,2,2,1,2,1,1,1,1,2.12,1,1,1,2,1,1,1,1,1,1,2,2,1,2,1,1,1,1,1,1,2,1,1,1,1,1,1,1,2,1,2,1,1
3.6.1.1,5,6.77,4,3,5,3,4,4,3,3,4,3,3,4.98,3,3,3,3,3,4.06,4.69,3.01,3,3.97,3,3.97,4,4,5,3,3.56,4.05,5.99,4,4,4,4.8,3,3,3,3.67,3,3.98,4,4,4,5,3,3.34,3,3,4,5
3.6.1.12,2.83,2,1,2,3,2,2,2,5,5,4.95,4.99,5,4,4,4,5,4,4,6,4.97,4,4,5,4.01,5,4,5,3,3,2.91,2,2,3,2,2,2.89,3,3,4,3,3,2.41,3.8,3,3,3,4,2.04,4,4,5,2
3.6.1.15,2,1,1,2,2,2,2,1,3,2.94,2.23,3,2.37,2,2.05,4,3,3,2.92,2,5,4,3,3,3,3.99,3,3.09,3.91,6,9,4,10,3,2,3,3,10,10,10,8,6,8,3,4,3,2,10,8,8,7,8,2
3.6.1.22,1,2,1,1,1,2,2,1,2,2,2,2,2,2,2,1,2,2.55,1,2.95,1,2,1,2,2,2,2,2,2,2,3,1,2,2,2,1.99,1,2,1.96,2,2,2,2,2,2,2,3,1,2,1,2,2,2
3.6.1.23,2,3,1,1,4,2,2,1,2,2,2,2,2,2,2,2,2,2.96,2,3,2,2,2,2,3,2,2.02,3,3,2,3.67,2,2.05,2.02,3,1.99,2,2,2,2,3,2,2,3,2,4,3,2.01,2,4,2,3,3.98
3.6.1.27,2,5,2,1,3,6,2,2,3,3,3,3,3,3,3,5,3,4,3,4,4,4,3,4,3,3.99,3,3.91,3.38,7,5,6,4,3,4,2,2,4,2,2.76,7,2,2.61,3.98,3,3,4,3,4,3,3,3,4
3.6.1.40,2,3,2,2,3,4,2.89,3,2.78,3,2,2,2.48,2,2.05,4,2.94,3,3,3.98,2.99,2.89,2.4,2,3.97,2.01,2,4,3,3,3.96,2,2.01,3,4,2,2.58,4,4,2.82,3,2,3.02,4,3,3,5,2,2,2,2,4.96,5
3.6.1.41,1,1,1,1,2,2,2,1,2,2,2,4,1,1,2,2,2,1,2,2,1,2,2,2,2,2,2,2,1,2,2,2,1,1,1,2,1,2,6,1,2,1,1.98,2,1,2,4,1,2,2,1.99,2,3
3.6.1.54,1,3,2,1,2,6,2,3,2,3,2,2,2,2,2,2,2,2,2,3,2.69,3,2.03,2,2,2.09,2,2.01,3,2.88,2.96,3,2,2.01,3.16,2,4.1,2,2,1,2,1,3,2,3,2,4,2,2.81,2,2,2.38,3
3.6.1.63,1,2,1,2,2,2,2,2,2,2,2,2,2,2,2,1,2,2,4,3.71,3.06,2,2,2,2,2.66,2,2,2,2,2.46,2,1.99,2,2,1.95,2,2,1.99,2,2.99,1,1.98,2,2,2,4,2,2.14,2,2,2,2
3.6.1.66,2,4.97,2,1,1,2,2,1,3,4,2.98,3,3,2.89,3,3,2.99,3,3,3,3.02,3,3,3,3,3.99,3,3,2,2.08,2.88,4,2,2,5,2.13,3,2.75,2.38,2,2,2,3,3,2,2,4,3,2,2.53,3,3,3
3.6.1.67,4,2,8,4,8,10,10,10,5,3.41,5,4,3,3,5,4,2.05,4,2,1,3.02,6,5,3,7.95,6.99,7,3,6,6,6,10,7,6,5,5,7,7,8.02,8,9,3,5,3,6,3,1,6,9,8,10,7,2
3.6.1.9,1,2,1,1,2,2,2,1,1,1,1,2,1,2,2,1,1,2,1,3,4,1,1,2,2,2,1,1,2,1.99,2,2,2.04,2.42,2,1.86,1,2,2,2,2,1,1,1,1,3,3.7,2,2,1,2,2,2
3.6.3.10,2,1,3,1,3.89,1,1,1,2.99,2,2,3,2,3,2.04,2,2,2,2,2,2,4,2,3,1,2.48,3,3,2,1,2,2,2,2,2,1,2,1,1,2,2,1,2,2,2,5,2,3.31,1,4,3,3.97,2
3.6.3.14,7,8,5,3,7,4,6,6,7,7,6,7,7,7,6,6,6,7,6,6,7,7,7,7,6.95,7,6,7,7,7,6.02,7,6,7,7,5,6,7,9,7,6,7,6,7,7,9,9,6,5,8,5,8,7
3.6.3.25,4,7,3,5,3,4,5,4,2,2,2,2,2,2,2,2,4,2,2,5,3.97,3.37,2.05,2,2,2,2,2,4,2,3,4,3,3,2,4,3.55,3,2,10,3,2,3.14,2,2,3,8,2,3,2,3,2,5
3.6.3.6,3,4,1,1,3,3,2,2.87,3,2,1,3,2,2.11,2,3,2,3,2,2,2,3,2,3,2,2.94,1,2,2,2,2,1.99,2,2,2,1.95,1.98,6,2,3,2,2.16,7,2,1,4,2.07,3,1,2,2,4,2
3.7.1.12,1,2.73,1,3,1,2,2,1,2,2,2,2,2,2,2,1,2,1,2,2,2.05,2,2,2.72,2,2.98,2,2,2,2,2,2,2,2,3,1.99,2,2,2,2,2,1,2,2,1,2,3,2,2,2,3,3,2
3.7.1.2,2,2,1,1,2.99,2,4,2,3,2.99,2,2,2,1,2,2,2,2,2,4,2.7,2.33,2.02,2,2,3.63,2,3,2.56,2.62,3,2,2,2.92,2.86,2,2,2,2,2,4,2,2,3,3,2.01,4,2,2.51,2,3,2,3
3.7.1.3,4,2,3,3,5,5,3,3,5,5,5,5,5.39,5,4.9,4,5,5,5,5.14,5.99,5,5,5,5,5.99,5,6,5,5,5,3,3,5,4,3,4,4,3,5,5,4,5,5,5,7,5,4,4,5,4,5.99,5
3.8.1.2,2,2,1,1,2,2,2,4,2,2,2,1,2,2,2,2,2,2,2,4,2.01,2,2,2,2,2,2,2,2,2,2,1.99,1.98,2,2,1.95,1,2,1.93,1,2,2,1.99,2,1,2,3,1,2.68,2,2,2,3
4.1.1.15,1,1,6,1,5,6,7,5,2,2,2,2,2,2,2,2,2.92,2,2,2,2.5,2,2,2,2,2,2,2,5,2,2,5,3,2,1,1,3.04,1,5.02,2,2,1,2,2,1,2,2,1,1.99,1,2,1,1
4.1.1.17,1,3,1,1,1,4.88,2,1,1,1,2,2,1,2,2,1,1,1,1,2,1,2,1,2,1,1,1,2,2,1,5,2,2,1,2,1.78,1,1,3.08,2,1,2.73,1,2,1,2,2,2.01,1,2,1,1,2
4.1.1.19,1,3,1,1,1,2,2,2,2,2,2.96,2,2,1,2,2,2.25,2,2,2,2,2,2,3,2,3,2,2,2,2.99,5,2,2,3,3,1.72,2,2.34,2,2,2,2,5,2.82,2,2,6,2,1,1,2,2,2
4.1.1.20,6.38,5,3.67,4,5.84,9,9,7,3,3.68,3,3.96,2.15,2,2.99,2,3,3,2.03,4,2.99,2,2.08,4,3,2.92,5,3,3,3.21,4,3,4,4,3,3,3.69,4,4,4,3,3,3.32,4,4.36,2,6,3,4,3.95,4,4,4
4.1.1.23,2,5,2,1,3,2,2,2,3.8,4,2.44,3,3,2,2.11,3,3,2,3,3,3.92,2,3,4,3,3.99,3,3.09,3,3,4,2.84,3,2.72,4,2,3,2,2,2,2,2,2.1,4,4,3,3.01,2,2.03,2,2.17,3,3
4.1.1.3,2,5,2,2,4,4,2,2,5,5,5,5,5,6,4,4,5,4,4.01,5,5.97,5,5,5,4.99,5.99,5,5,4,3.42,4,3,3,4,3,3,3,4,3,4,3,4,3.19,5,5,3.96,4,4,4.07,4,5,5.97,3.97
4.1.1.31,4,7,7,3,5.9,3,3,4,6,6,5.28,6,6,6,5,5,5.01,5,5,6,6,6,5,6,5.38,6,6,6,6,7,6,7,4,6,6,3,5,5,5,6,5,5,5.5,7,5,7,7.97,5,4,5.95,4,5.97,6.14
4.1.1.32,1,2.73,6,1,2,2,3.01,2,2,2,2.17,2,2,2,2,2,2.04,2,1,2,2,2,2,2.12,2,2,2,3,3,3,2,2,2,2,2,2,2,2,2,2,2,1,2,3.01,2,4,2,2,1,2,2,2,3
4.1.1.33,1,4,1,1,1,2,2,1,2,1,2,2,2,1,1,1,2,2.01,1,2,2,2,2,2,2,2,2,2,2,2,2,1.99,1.93,2,1,1.66,1,2,2,2,2,3,1.97,2,2,2,2,2,1,2,2,2,2
4.1.1.36,1,6,1,1,1,1,1,1,1,1,1,1,1,1,1,1,1,1,1,1,1,1,1,1,1,1,1,1,1,1,1,1,1.96,1,1,1,1,1,1,2,1,1,1,1,1,1,1,1,1,1,1,1,2
4.1.1.37,1,2,5,1,2,2,2,2,3,3,2,2.11,2,3,2,2,3,2.02,2,3.13,3,3,2.27,2,2,2,3,3,2,2.95,2.94,4,2,2,2.05,2,3.7,3,1.99,3,3,2,2,2.85,2,4,4,2,2.18,3,2,3,4
4.1.1.39,1,2,1,1,2,2,2,3,2.97,3,2,2.7,2,2,2,2,3.71,2,2,3,5,5,4,5,4,5,1,5,2,2,2,2,2,7,2,4,1.99,1,2,3,5,4.04,2.97,2,2,2,2,2,3,1,2,3.97,2
4.1.1.4,1,2.01,2,2,3,2,5,9,2,3,2.04,2.06,2,2,2.13,2,2.04,4,1,3.46,2.97,3.24,2,3,2,2.01,2,2,2.05,2,2,2,2.32,5,2,1.79,2,2,2,5,3,2,2,2.77,2,5,2,3,2.19,4,2.08,5,3
4.1.1.47,1,1,1,1,2,1,2,2,2,2,2,2,2,1,2,1,2,1,1,3,1,1,2,1,1,2,2,1,1,2.1,1,2,1.91,1,2,4.87,2,2,2,2,2,2,1,1,1,2,4,2,2,5,1.99,2,3
4.1.1.48,1,2,2,1,2,2,2,2,2,3,2,2,2.55,2,2,2,2.88,2,2.87,3,2.59,2,2,2,2,2.99,1,2.06,3,2.54,2,2.01,2,2,2,2,2,2,2,2,2,2,2.01,2.83,2,2,3,2,2,2,3,2,3.01
4.1.1.49,1,8,2,2,4,2,2,5.47,2,2,5,4,2.02,5.03,2,2,3,2,2,3.04,2.95,2,3,2,2.67,2,2,2,2.34,1,3,2,2.84,5,3,1.95,1.96,1,1,2,3,1,4,2,4,2,4.62,2,2,4,7,2,2
4.1.1.50,1,2,1,1,2.98,2,1,2,2,2,5,3.01,2,2,2,2,1,3,1,2,1,3.7,1,3,2,2,3,2,2,1.99,1,1,2,2,4,1,1.85,2,1,4,2,2,2,3,1,4,4,2,1,2,2,2,2
4.1.1.65,3,3,2.3,2,3,2,2,3.47,4,3,2,2.07,3,2.7,3,3,3,3,3,4,3,3,2.99,3,2,3.99,2,3,3,2.69,4,2,2.02,3,3,2,2,2,2,2,2,2,2,3.97,2,2,3,2,3,2.94,3,2,3
4.1.1.77,1,1,1,1,1,1,1,2,1,1,2,1,1,1,1,1,2,1,1,2,1,1,1,1,1,1,1,1,1,1,2,2,1,1,1,1,2,2,7.02,1,4,1,2,2,1,1,2,1,1,1,1,1,1
4.1.1.81,1,2,1,1,2,2,2,1,2,2.02,3,2,2,2,2,2,2.03,2,2,2,2,2,2,2.85,2,2,4,2,2,2,2,2,2.02,2,3,1.84,2,2,2,2,2,2,2,2,3,2,4,3,2,2.03,3,4.04,2
4.1.1.98,1,2,1,1,2,2,3,2,2.55,3,2.05,2,2,2,2,2,2.23,2,2,2,2.56,2,2.22,2,2.91,4.61,2,3,2,2,2,2,4,1,2,2,1.96,2,2,2,2,2,2,2.03,1,4,7,2,1,2,2,3,3
4.1.2.13,6,8,1,1,5,2,7,3,4,3,5,3,3,5,4,3,3,3,4,4,2.06,4,3,3,2,3,3,3,5,3.12,4,2,4,5,4,2,4,4.99,3,5,5,4.04,6.37,5,4.84,7,4,3,3,5,2,6.99,2.99
4.1.2.14,1,2,1,1,2,3,4,2,2,2.85,2,3,2,4,3,2,3,2,2,3,2.95,2,2,3,2.96,3,2,3,3,2.38,3,3,2.99,2,2.04,2,2,3,2.02,2,2,2,3,3,3.27,2,5,2,2,2,2,2,3
4.1.2.25,1,2,1,1,2,2,2,4,2,2,2,3,2,2,2.24,2,2,4,2,2,2,2,2.34,2,2,2,2.91,2,2,2,1.99,2,2,2,4,2,3,2,1.99,3,2,2,2.61,2,1,2,3,2,2,3,2,2,2
4.1.2.4,2,4,2.43,2,4.43,2,2,2.03,2.26,2,3,2,2,2,2,3,2,3,2,2.87,3,3,2,2,2,2,2,3,4,3,2,4,4,4,3,1.95,3.99,4,4.04,2.02,3,5,2,2.99,3.99,6,2,2,2,2,2,5.98,3
4.1.2.40,6,4,1,1,2,4,5,2,1,2,1,3,1,2,1,1,1,1,1,1,1,1,1,1,1,1,1,1,1,2,2,2,2,1,2,1,1,1,1,1,1,1,1,1,1,1,1,2,1,1,1,1,2
4.1.2.44,3,2,1,1,3,2,2.89,2,2,1,2,1,1,1,2,1,2,1,2,3.86,2,1,2,1,2,1,1,1,1,1,1,7,1.92,1,1,1.99,1,1,1.93,1,1,2,1,2,1,1,2,2,2.34,1,2,1,1
4.1.2.48,1,1,1,1,1,2,1,1,2,2,2,1,2,1,1,1,2,1,2,2,1,1,1,2,2,3,1,2,1,2,1.99,2,1.93,2,3,1.97,6,2,1,1,2,1,1.97,2,1,1,4,1,1,1,2,1,2
4.1.2.52,1,1,1,1,2,1,2,3,3,2,2,2,1,1,2,1,2,1,2,2,2,1,2,2,2,2,2,2,2,1,2,2,1.67,2,1,1,1.87,2,1.95,2,2,1,2,2,1,1,3,2,1,2,2,2,2
4.1.2.53,1,1,1,1,1,1,2,1,1,1,1,1,1,1,1,1,1,1,1,2,1,1,1,1,1,1,1,1,1,1,3.01,1,1.7,1,1,1.57,1,1,1,5,1,1,1,1,1,1,1,1,1,4,1,1,1
4.1.3.1,1,1,1,1,3,2,2,3,2,1,1,2,1,4,2,2,2,1,2,3,2,1,2,2,2,2,1,2,1,2,2,3,3,4,2,2,5,1,4,2,2,1,3,2,3,1,4,2,2,4,2,2,2.01
4.1.3.27,1,3,1,2,4,4,2,4,4,4,3,3,5,4,3,3,4,3,3,4.27,3.97,3,3,5,4,3.99,3,4,4.44,4,3.96,2,4,4,4,2.07,3,3,3,3,5,3,4,4.12,3.99,3,8,3,3,3.92,3,3,5
4.1.3.30,1,1,1,1,2,1,2,1,2,2,2,1,1,1,2,1,1,1,2,2,1,2,1,2,1,2,1,1,2,2,2,5.19,2,1,2,1.88,2,2,1.91,2,2,1,2,1,1,1,3,1,2,1,1,1,3
4.1.3.36,1,3,1,1,2,1,3,2,2,2,2.64,2,2,6,2.1,2,2,1,1,3,2,1,2,2,2,1,2,2,2,2,2.92,1,2,2,2,1.96,1.82,4,1,1,2,1,1,1,1,1,2,1,2.01,2,2,2,2
4.1.3.38,1,1,1,1,2.28,2,2,1,3,4,3,3,4,2,4,2.29,3,3,3.56,3,3.97,2,3,3,3.01,4.99,3,3,2,2,2,2,1.99,3,2,2,3.33,2,2,3,2,2.01,2,2.06,3.99,2,4,2.99,2,2.44,3,3,2
4.1.3.39,1,1,4,1,2,3,2,1,2,2,2,2,2,1,2,2,1,2,2,2,2,2,2,2,2,2,1,2,2.79,2,2,1,2,2,2,1,1.98,2,1.92,1,2,1,2,2,1,2,2,1,2,2,2,4,2
4.1.3.4,1,1,2,1,3,1,4,2,2,2,2,2,1,1,2,2,2,2,1,3,1,2,1,2,2,1,1,2,2,2,2.12,2,2,2,2,1.97,2,2,1.96,2,2,1,2,3,1,2,3,1,2,2,2,1,3.04
4.1.3.40,1,2,1,1,1,1,1,1,2,2,2,2,2,1,2,2,2,2,1,2,2,2,2,3,2,2,2,2,2,2,2,2,1,1,3,1.64,2,2,1.99,2,1,1,1,2,2.03,1,3,2,2,1,2,4,2
4.1.99.12,1,2,3,1,2.27,1,4,2,2,2,3,2,2,2,2,2,2,2,1,3,1,2,2,2,2,2,1,2.58,2,2,2,2.96,2,3,2,2,2,2,6.02,1,2,2,2,2,1,2,3,2,2,2,4,2,2
4.1.99.17,1,2,5,1,2.27,2,2,2,2,3,3,2.52,2,2,4.99,2,2.24,2,2,4,2.98,2,2,3,3,3.41,2,2,3,3,2,3,2.97,2,2.82,2,3,2,2,2,3,2,2.22,3,4,2,5,2.73,3,2,2,2.94,4
4.1.99.22,1,2.64,1,1,2.25,2,2,2,3,3,4,3,3,2,2.24,2,2.7,2,3,4,3,2.74,2,3,3,3.89,2.5,3,3,3,5,2,3.1,3,4,5,2,4.21,2,3,3,3,4,4,4,3,8,2,2.01,5,2.02,3,2.49
4.2.1.1,5,3,1,1,3,2,5,2,3,3,2.04,3,3,2,3,2.07,3,2.98,2,4,2.94,3,3,3,3,4.99,3,3,3.02,2.01,3.01,2,6,2,3,4,2.81,2.92,3.08,3,3,2,3,3,5,2.21,7,3,2.02,3,3,2.96,3
4.2.1.10,2,3,1,1,3.53,2.05,2,2,2,2,2,2.22,2.42,2,2,2,2,2,1,3,2,3,2,2,3,2,2,3,2.49,2,3,2.05,2,2,2,4,2,2,4,2,2,2,2,2,2,3,4,2,2,2,2,2,3.03
4.2.1.109,2,2,2,1,2,2,2,2,2,1,2,2,1,2,1,2,2,1,1,2,2,2,2,2,2,2,2,2,2,1.99,3,1,1,2,2,1,1.9,1,1,1,2,1,2,1,1,2,3,2,1,1,2,2,1
4.2.1.11,7,9,3,2,5,5,4,5,3,4,6,3,4,6.39,3.12,3,4,4,3,5,5,4.88,3.04,4,3,3.99,3.99,4,5,3.95,7,4,5.66,5,4,6,3.47,6,2.85,3,4,3,4,4,2.28,7,8,3,3,4,3,6.99,5
4.2.1.126,1,2.07,3,1,2,2,2,2,2,2,4,2,2.55,2,2,1,2,2,2,2,2,2,2,2,2,2.19,3,2,2,2,2,2,4,2,2,3,2,2,2,2,2.02,1,2,2,1,3,2,2,2,2,2,2,2
4.2.1.134,2,1,1,1,3,1,1,1,2,2,1,1,2,1,1,1,1,1,1,1,2,4,1,3,2,2.96,1,1,2,1,2,1,1,1,2,1,1,1,1,5,1,1,1,2,1,3.4,1,1,1,2,1,2,1
4.2.1.19,1,2,2,2,2,3.98,2,2,2,1,2,2.75,2,1,2,1,2,1,1,2.9,2.61,2,2,3,2,2,1,2,2,5,2,2,2,2,2.45,3,4,2,2,2,2,1,2,2,2,2,3,1,2,1,2,2,2
4.2.1.2,1,6,2,1,5,4,3,2,3,3,2,3.02,4,4,3,2,4,3,2,5,3,3.88,3,3,5,3,6,4,4,4,3.88,2.1,2.89,4,4,7,3,2,4,4,7,2.02,4,4,3,4,8,3,3,3,5,3,5
4.2.1.20,2,4,2,1,2.62,2,2,3,3,4,4,4,3,2.99,3,3,3,3,3,5,4.97,4,4,4,4,3.99,4,4,4,3,4,6,3,4,4.91,7.02,3.7,3,3,5,4,2,3.99,4,3.01,4,7,2.2,3,3,3,4,4
4.2.1.24,2,3,1,1,2,2,2,3,2,3,2,3,2.13,5,2.01,2.09,2,3,2,4,2,2,2,2,2.92,2,1,4,2,2.08,2,2,2,3,3,4,2.75,1,3,5,7,2,2,2.14,1,2,5,2,2,5,2,2,3
4.2.1.3,1,2,1,1,2,4.83,2.97,2,2,2,3,2.22,2,1,2,3,2,3,2,2,2,2,2,3,2,3.99,2,2,2,2,2,1.99,2,1,2,2.93,1.89,3,1,2,3,2,1,1,3,3,3,1,2.01,1,2,1,4
4.2.1.33,3,5,8,1,4,2,7,2,3,3.7,5,3,3,3,3,4,3,4,3.49,5,5,4,4,3.24,3,3.99,4.47,4,3,5,2.74,4.19,3.32,3,5,4,4,3,3,3,4.79,2.7,6,4,3,5,7,4,3.02,3,3,6,4
4.2.1.46,1,7,1,2,4,3,3,2.05,2,2,2,2,2,2,2,2,2,2,2,3,3,2,2,2,2,2.98,5,2,2,2,4,2,2.81,2,3,4,2,3,3,2.03,4,3,3.94,2,2,3,4.31,2,2,2.99,2,2.42,3
4.2.1.47,2,3,3,1,3.03,2,2,3,4,4,3.01,4,4,3,3,3,4,3,4,4,4,4,4,4,4,4.99,3.22,4,3,2.01,2,2,2,2,2.95,3.94,2,2,2,3,3,2.57,2,3,3,4,6,3,2,5,3.85,4,4
4.2.1.49,1,3,3,1,2,2,2,4,2,2,2,2,2,3.63,2,2,2,2.56,1,3,2,3,2.97,2,2,2,2,2,2,2,1,2,2.03,2.82,2.41,3,2,2,2,2,3,2,1,2,1,2,6,2.96,2.97,2,2,2.08,2
4.2.1.51,1,4,3,2,2,2,2,3,3,3,2,3,3,2,3,2.96,3,3,3,3,2.99,2.99,3,3,3,4.99,3,4,3,4,3,2,3,3,3.87,3,2,2,2,3.01,3,3,3,4,3,3,4,2,2,2,3,3,3
4.2.1.59,2,4,1,1,1,3,3,2,2,2,2,2,2,2,2,2,2,2,2,3,4,2,2,2,2,2,1,2,2,2.07,2,2,2,1,2.99,3,1.99,1,2,2,3,2,2,2.15,2,2,3,2,2,1,2,2,2
4.2.1.68,1,1,1,1,3,3,2,2,3,2,1,1,1,1,1,1,1,2,1,2,1,3,2,2,1,1,1,2,1,1,1,1,2,1,2.01,2.89,1,2,2,2,6,1,1,2,1,3,1,1,2,1,2,2,2
4.2.1.70,6.44,2,1,1,1,2,2,2,2,2,2,2,2,2,2,2,2,2,2,2,2,2,2,2,2,2,2,2,1,2,2,2,2,2,2,3,2,2,2,1,2,1,1.95,1,1,1,2,1,2,2,2,2,1
4.2.1.75,2,3,1,3,3.01,4,2,4,4,4,3,4.07,3.08,2.02,3,3,3.94,4,3,4,5,3,4,4,5,3.99,4,4,4,4,5,2,2,3.93,4.98,4,3.02,2.99,2,3,3.11,3,5,4,3,3,5,3,3,4,3,3.97,3.99
4.2.1.79,1,1,1,1,2,2,2,1,1,2,4,2,1,1,1,1,1,1,1,2,2,1,1,1,2,1,1,1,2,2,2,1,1.92,1,2,3,1,1,1,1,2,1,3,1,1,1,5,1,1,1,2,1,1
4.2.1.8,1,2,1,1,2,2,5,2,2,2,2,2.02,2,1,1,2,2,1,2,2,1,1,2,2,2,2,3.28,2,2,2,2,2,2,2,2,1,2,2,2,2,1,1,1,2,1,2,2,1,2,4,2,1,2
4.2.1.84,3,2,4,8,7,3,6,5,6,6,6,6,6,4,5,5,5,5,6,5,6.97,5,6,6,6.95,5.99,5,7,7,6,7,2,3.09,7,7,6.41,5,6,3.14,4,5,3,7,7,6,6,5.94,4,3,6,3,3,7
4.2.1.9,1,6,1,2,4,4,4,6,3,3,2.89,3,3,4,3,2.65,3,3,3,5.92,3,3,3,3,3,2.99,2,3,3,5,4,5,3,4,3,4.12,6,4,3,5,4,2,2.22,2.89,3.9,3,6,3,4,3.71,3,4,5
4.2.1.96,1,1,4,1,3,2,2,1,3,2,2,2,2,2,1,1,1,2.99,1,3,3,3,2,2,3.99,3,2.25,3,2,1.99,2,2,1.99,2,1,3,2,1,1.99,4,2,2,3,2,1,4,2,2,2,2,2,2.9,2
4.2.2.3,2,2,1,1,2,2,2,2,2,2,2,2,2,1,2,1,2,2,1,2,2,1,1,2,2,1,1,1,2,2,2,2,2,2,2,1.95,2,2,1.99,2,2,1,2,2,2,2,4,2,2,2,2,2,3
4.2.3.4,1,4,3,2,4,2,2,3,3,3,3,2.77,3,2,3,2.26,3,2.02,2.98,5,3,2,2,3,3,3,3,3,3,4,3.53,3,2.97,4,3,2,2,2,2,2.99,2,2,2.99,3,3,3,4.99,3,3,3,2.35,3,4
4.2.3.5,2.77,4,8,6,3.86,8,8,7,4,2,2,2.28,2,2,2,2,2,2,2,3,2.99,2.01,2,2,2,4.78,2.15,2.94,4,6,3,3,4,2,3,2,5,4,5,6,3,6,2,2,2,2,3.9,2,5,2,6,2,3
4.3.1.1,2,3,1,1,1,1.99,4,5,2,1,2,2,3.05,1,2,2,2.19,1,2,2,2,2,1,2,2,2,1,2,2,1,2,2,2,4,5,1,2.78,1,1.91,1,2,1,3,1,1,2,5,1,2,1,1,1,2
4.3.1.17,1,5,6,1,2.31,6,3,2,5,2.81,2,2,2,6,2,2,2,2,2,2,2.98,3,2.02,2,4,3,2,3,2.99,4,3,2.63,3,3.79,3,3,2,2,2,2,2,2,3,3,3,2,7,3.01,2,2.51,2,3,2
4.3.1.18,3,2,3,3,6,2.01,3,4,3,3,3,3,5.07,2,3,3,3,2.02,3,4,4.99,2,2.65,3,4,2.35,3,3.73,5,5.77,6,4,4,5,5,3.71,5,5,5.34,4,5,3,5,6,5,5,5,2.17,4.97,2,2.63,5,5
4.3.1.19,2,3,4,2,2,2,4,3,4.01,4.54,4,4,4.57,3,4,3.97,4.42,3,4,5,4.98,4,4,4,4,4.99,3.09,5,2.05,4,3.7,3,3,3,4,4,3,3,6.02,5,3,3,3,3,3,3,7,3,3,3.79,4,4.99,5
4.3.1.3,2,3,5,1,3.84,2.88,3,1,3,2,2,4,2,4,2,2,3,2,2,3,2.04,2,5,2.46,2.74,3.18,2.01,2,2.97,3,2,2,2,3,3,2,2,2,3,2.02,2.02,2,2,3.02,2,3,7,2,2,2,2.04,2,2.89
4.3.1.7,1,2,4.01,1,2,2,2,2,2,2,2,2,2,2,2.1,2,2,2,2.8,3,2,2,2,2,1,2,2.07,2,2,3,2,2.1,2,2.69,2.06,2,2,2,2,2,2,1,2.99,2,2.02,2,6,2,3,2,2,2,4
4.3.2.1,2,2.7,3,2,5,2,7,3,3,3,2,3,3,2,4,2,2.99,2,2.05,3,2.55,2,3,3,4,3,2.01,4,3.96,3.6,4,3,5.46,4,4,4,3,3,2,2,3,2,2.77,4,2.05,3.15,5,2,3,2,3,3,5
4.3.2.10,1,2,1,1,2,2,1,4,2,2,2,1,2,1,2,1,1,1,1,2.38,2,1,1,1,2,2,1,2,4,1,1,2,2,4,2,3,1.97,2,1.96,2,2,1,2,1,1,1,3,2,2,2,2,1,2
4.3.2.2,2,5.81,3,1,2.22,3,4.97,4,2,3,3,2,2,2,3,2,2,3,3,4,3.99,3,2,3,2.4,2,2,2.51,2,4,3.63,4,3,3,3,2,4.87,2,2,3,3,2,2,3,3,4,7,2,3,2,3,2,4
4.3.3.7,2,4,3,1,3,2,4,4,3.02,3,3,2,3,3.93,3,3,2,2.2,2,4,3,2,3,2,2,3.99,2,2.53,3.01,4,2,5,3,3,2,2,6,3,3,3,2,2,3,3,2,4,6,4,3,5.05,2,2.64,4
4.3.99.3,3,2.01,1,1,2,4,2,3,2,2,2,1,2,4,1,2,2,2,2,2.93,2,1,1,2,2,2.99,2,2,2.79,2,2,2,2,2,2,2,2,2,2.43,2,2,1,2.01,2.78,1,1,3,2,2,2,2,2,2
4.4.1.17,1,1,5,1,1,1,1,1,1,1,1,1,1,1,1,1,1,1,1,1,1,3,1,1,1,2,1,1,1,1,1,1,1,2,1,1,1,1,1,1,1,1,2,1,1,4,1,1,1,1,1,3,1
4.4.1.19,1,1,1,1,1,1,1,1,2,2,1,1,1,1,1,1,1,1,1,2,1,1,1,1,1,1,1,2,1,1.97,2,1,1.76,1,1,1.57,1,5,1,1,1,1,5,1,1,1,1,1,1,1,1,1,1
4.4.1.22,1,2,2,2,2,2,2,2,2,2,2,2,2,2,2,2,2,2,2,4,2,2,2.08,2,2,2,3,2,2,3,2.08,2,2,2,3,1.97,1.97,2,2,2,2,2,2,2,1,1,5,2.01,4,4,2,2,2.01
4.4.1.5,1,5,2,3,4.1,2.74,2,2,2,2,1,1,2,3,1,1,1,2,2,2,4,2,2,2,2,2,1,2.81,2,1,2,3,2,3,2,5,5,2,2.96,2,2,1,2.04,2,2,2,5,2,3,2,2,2,3
4.4.1.8,4,4,1,1,2,2,2,4,2,3,2,2,2,2,2,1,2,1,3,2,2.04,2,2,2,2,2.97,2,2,3,2,3,3,3,4,4,2,3,2,2.01,2,2,2,3.2,3,3,2,2.68,4,7,2,2,2.08,2
4.6.1.1,2,1,2,1,2,2,2,1,2,2,3,1,2,1,2,2,2.97,1,2,2,2,3,2,3,2,2,2,2.04,2.98,4.3,3,5,2,1,3,2,2,2,1,2,1,1,2.68,3,2,2,7,2,1,4,2,2,2
4.6.1.12,1,2,1,1,1,1,1,2,2,2,3,2,2,2,1,2,1,2,1,2,2,2,2,2,2,2,2,2,2,2,2,4,2,2.74,2,1,1.96,2,1.95,2,2,1,1,2,1,2,3,2,1,3,2,2,2
4.6.1.17,1,2,2,1,2,2,2,2,2,2,2,2,2,1,2,2,1,1,2,2,2,2,2,2,2,2,2,3,2,2.01,2,2,2,2,2,1.55,2,3,2,2,2,2,2,2,3.21,2,3,2,2,2,2,2,2
4.7.1.1,1,1,1,1,2,1,1,1,2,2,1,1,1,1,2,1,1,1,1,2,2,1,2,1,2,1,1,2,1,1.98,2.01,1,1.82,1,1,1,1,1,1,2,1,1,2,2,1,1,3,1,2,1,1,1,1
4.99.1.1,3,2,4,1,5,3,3,2,3,3,2,2,4,2.26,2.12,3,3,2,2,3,2.99,3,2,3,5.95,2,3,3,3,2.04,2,4,2,3.05,3,4,3,2,2,2,3,5,2.03,3,3.19,4,5,3,2.15,3,3,3,5
4.99.1.3,1,4.08,2,3,3.9,2,2,2,3,4,3,2.8,3,2,2.9,3,3,2.87,4,2,3.96,2,3,3,3,3,3,4,4,3,3,2,3.84,4,3,2.02,2.01,2,2,2,2,2,3.16,3.65,3,2.94,3,2,2,2,3,2,3
5.1.1.1,4,7,4,2,7,10,10,10,4,4.01,5,4,4.71,5,4.71,4,4,4,3,5,4.97,4,5,5,5,5,8,5,6,5,6,9,7,6,5,4,6.49,7,8,5,8,3,6,5,6,4,8,6,6,7,9,6,5
5.1.1.3,2.44,5,2,1,4,4,4,2,4,4,4,4,5,4,3,3,4,4,3,4,3.97,4,3.99,4,4.96,4,3,4.99,5,4,5,10,3,5,5,2,3.01,3,2,3,5,4,4.74,6,6,5,5,3,2.82,5,3,4,6
5.1.1.7,1,3,1,1,2,1,5,2,2,2.84,4,4,2.47,2,2.19,2.06,2,2,2.52,3,3,2,3,3,3,3,2.46,3,2,3,2.09,2,2.67,2,2.01,2,2.82,3,2,2.74,2,2,3,3,2,3.55,3,2,2,3,2.96,3,3
5.1.3.1,3,4,1,1,2.18,2,2,2.86,2,2,3,2,2,2,2,2,3,2,2,3,2,2,2,3,2,2,1,3,3,2.99,2.01,2,4,3,3,2,5.96,2,2,4,2.17,2,3,2.99,3,3.65,3,2,2.17,2,2,2.85,4
5.1.3.15,1,2,1,1,1,2,1,1,2,2,1,2,2,1,2,2,2,1,1,1,2,2,2,2,2,2,2,2,2,2,2,2,1.98,1,3,1.97,1.99,1,1,1,2,2,1.99,2,1,1,6,2,2,2,2,2,4
5.1.3.2,3,6,2,1,3,2,3,1,2,2,2.04,2.78,2,5,2.01,2,3,2.01,3,4,3,2.98,2.68,3,3,3,2.08,3,4.99,2,4,2,2.5,3,2,1.99,5,2,2.02,2,3,2,3.8,3,2,3,2,2.23,3,2,3,2.05,3.98
5.1.3.20,1,2,1,1,2,1,2,1,2,1,2,2,2,2,2,1,1,1,1,2,2.9,1,2,2,1,2,1,2,2,4.99,2,1,1.95,1,2.08,1.99,1,2,1,1,2,1,1.94,2,1,2,4,1,1,1,2,2,2
5.1.3.3,2,4,2,1,1,3.83,2,2.01,2,3,2,2,2,2,2,2,2,1,2,2.99,2,3,2,2,2,2.99,2,3,3.78,2.98,3,2,2.04,5,2,2,2.46,2,2,2,3,2,2.92,3.95,1,3,2,2,2.02,2,2,2,4
5.1.3.4,1,2,1,2,1,4,1,1,1,1,1,1,1,1,2,1,2,1,1,2,1,1,2,1,1,1,1,1,2,2,1,1,1.99,2,1,1,1,1,1,1,2,1,1,2,1,1,1,1,1.99,5,1,1,1
5.1.99.1,1,2,3,1,2,1,1,2,2,1,2,1,1,1,2,1,2,2,2,2,2,2,2,2,2,1,1,2,2,2,2,2,2,1,1,1.92,1,2,2,2,2,1,1,2,1,2,1,1,1,2,2,1,1
5.3.1.1,5,6,2,1,3,2,4,2,2,3,3,2,3,2,2,2,2,2,2,5,3,2,2.38,2.08,2,2,2.72,2.16,2.99,3,2.55,3,3.43,3,2,1.95,4,3,5,3,3,5.04,4.98,3,2,5,4,2,2,3,2,4.98,4
5.3.1.14,1,2,1,1,1,3,1,5,2,2,2,1,1,4,2,1,2,2,1,1,1,1,1,1,2,1,2,2,1,2,4,2,2,1,2,1.78,1,1,1.96,1,1,1,1,2,2,2,2,1,2,2,2,2,1
5.3.1.16,2.74,2,1,1,2,2,2,2,2,2,2.86,2,2,2,2.15,2,2,2,2,3,3,2,2,2,2,2.01,2,2,2,2,2,2,2,2.01,2,2,1.84,5,2,1,2,1,2,2,2,1,3,2,2,2,2,2,3
5.3.1.22,1,1,1,1,2,1,1,4,2,1,1,1,1,1,2,1,2,1,1,3,1,1,1,1,1,1,1,1,1,2,3,2,2,1,2.34,2,2,2,2,1,2,1,1,1,1,1,4,1,2,5,2,1,3.79
5.3.1.23,1,2,4,4,3,2,2,3,4,4,3,4,3.1,4,3,4,4,4,3.25,4,4,3,3,4,3,3.99,3,4,4,2.52,3.08,2,4,3,3.23,2,2.45,2.76,2,6,2,3.96,3.99,4,3.47,3,4,3,2,3,3,4,3
5.3.1.24,1,2,2,1,2,8,2,3,2,3,2,2,2,2,4,2,2,3,2,2,2,3,2,3,2,2.99,2,2,2.26,2,3.17,2,2,2,3,4,2,3,2.02,2,2,2,2.93,2,4,3,3,3,2,2.9,2.1,2,2
5.3.1.26,6.18,3.94,2,2,2,1.01,2,3,2,1,3,2,2,2,2,2,2,2,2,2,2,2,2,2,2,2,2,2,2,1.99,3,2,2.06,3,3,1.57,1.97,2,2,2,2,2,4,2,2,1,2,2,2,2,2,2,3
5.3.1.28,1,2,1,1,2,2,2,2,1,2,3,2,2,2,2,2,2,2,1,2,2,1,2,1,2,1,2,1,1,2,2,2,2,2,2,1.9,2,2,1.94,1,2,2,1.99,2,2,2,3,2,2,1,1,1,2
5.3.1.4,2.68,3,4,3,6,3,4,4,6,6,6,6,7,6.61,6,6,6,7,6,6,6.99,6,6,6,6,6.99,7,6,7,7,7,4,5,7,6,4,5.07,5.98,5,7,6,7.04,6,7.03,6.69,8,5,5,4,6,4,6.97,7
5.3.1.6,3,3,1,2,2,2,3,3,4,4,3.14,3,3,2,2,4,4,2.9,3.99,2,3,2,2,3,2.55,2.55,4,4,3.04,3.06,3.88,2,2,3,2,4,4,3,2,3,2,3,4,3,6,2,3.51,2,2,2,2,2.97,4
5.3.1.8,3,4,4,4,7,3,5,5,7,7,7,7,8,7,6,7,6.41,7,7,8,8,7,7,7,6.95,7.99,7.88,8,7,8,7,6,6,7.92,7,4,6,6,7.02,7,5,6.04,7,8,7,8,7,7,5,7,5,7.97,7
5.3.1.9,5,7,2,1,6,2,5,3,3,3.54,4.78,4,4,5,2.01,6,2,5,4,3,4,5,4,4,2.98,3.99,4,4,4,3.24,4.01,2,3.94,5,4,2.04,4,4.99,2,3,3.16,2.47,5,4,5,6.46,5,3,2.99,3,3,8,5
5.3.3.1,1,2,1,1,2,2,3,1,2,2,2,2,3,1,3,2,3,1,1,2,1,1,2,2,2,2,2,2,2,1,2,2,1.69,2,2,1,1.76,1,1,1,4,1,1,2,2,2,3,2,2,4,2,2,2.69
5.3.3.10,1,1,1,1,2,2,2,1,2,2,2,1,2,1,2,1,2,1,1,2,2,1,2,2,2,2.99,1,2,1,2,1,3,1.9,1,1,1,1.82,2,2,2,1,1,1,2.04,2,2,3,1,2,2,1,1,1
5.4.2.10,7,8,6,3,6,4,8,4,4.68,4,4,3.93,4,3.91,3,3,4,5,4,5,4.95,4,4,4,4,4.99,6,4.82,4.96,4.64,5.02,3,3.94,5,5,3,4,5,2.79,3.98,6,4,4,5,4,7,7,3,3,4,3,5,5
5.4.2.11,3,6,3,1,4,5.05,4,2,3,3,2,2.08,4,3,2,3,2.8,2.19,2,2,3,3.03,3,4,2,2,3,2.93,3,3,3,2,5,2,4,2.02,2.03,2,2,3.01,6.02,1,3,3,2,4,2,2,2.55,3,2.04,3,3.19
5.4.2.12,6,6,2,2,4,2,10,5,2,3,2,4,3,3,2,3,2.82,3.08,2,2,2,3,2.95,2,3.95,3,3,2.37,3,2,2.78,2,2.99,3,4,1.55,3,3,2,2.91,4,2,4,2,2,3,5.04,2,2.03,2,2,2,2
5.4.2.7,3,4,1,2,2,2,2.03,2,2,2,2,2,2,2,2,2,2,2,2,2,2,5.48,2,3,2,2.52,2,2,2,2,4.01,2,2,2,3,5,2,2,2,5,2,1,2.09,3,1,2,2,2,2,2,2,2,2
5.4.3.8,1,3,4,2,2,7,3,6,2,2,2.99,2,1,2,2,1,2.05,2,2,3,2,2,2,2,2,3,2,2,2,2,2.01,2,2,3,3,2,2,3.57,4,2,3.98,2,2,2.84,2,2,5,2,2,2,2,2,2
5.4.4.2,5,2,3,1,3,2,3,2,2.78,3,2,2.01,2,2,2,2,2,2.99,3,2,3,3,3,3,2,3,2,3,3,3,2,1.99,2,2,2,2,2,2,2,2,2,2,3,3,3,2,5,2,2,2,2,2,2
5.4.99.15,2,2,3,2,3,2,3,4,4.02,4,3.02,4,4,3,4,3,4,4,4,5,4.93,4,3.88,4,4,3.99,4,5,4,3.99,3.94,2,3,3,3,2.39,4.84,3,2,3,3,2,3,4,3,4,7,4,3,3.07,3,4,4.06
5.4.99.16,1,2,1,1,3,2,2,4,2,2,1,2,2,1,2,1,2,2,1,3,2,1,1,1,1,2,1,2,2.07,2,2,2,3,2,1,1.81,1.97,1,2,2,3,1,1,2,2.11,2,4,2,3,2,2,2,2
5.4.99.18,2,3,1,1,1,2,2,2,2,2.06,4,2.34,2,2,2,1,2,1,1,3,2,2,2,2,2,2,2.99,2,2,2,2,2,2,2,2,2,2,3,2,1,2,1,2.03,2,1,2,3,2,2,2,2,3,4
5.4.99.5,1,3,1,1,2.13,8,2,2,3,2,2,2,3,2,2.98,2,2,2,2,4,2.03,2,2,2,2,2,2.97,2,2,3.14,3,2,2.59,3,2,4,5,2,2,2,2,2,3.75,2.79,2,4,5,2,2,2,2,3,3
5.4.99.9,1,4,1,1,2,5,5,4,2,2,2,1,3,2,2,1,2,2,1,2,2,2,2,2,2,2,2,1,2,1,2.95,1,2.63,2,2,3,1.82,1,2,3,2,2,1,2,1,2,2,1,2.12,2,2,2,1
5.5.1.2,1,1,1,1,2,2,2,1,2,3,2,3,2,1,2,1,3,5,3,3.96,2,2,2.09,2,2,2,2,2,2,1.99,2.14,2,1.99,2,2,5,2.01,2,3,2,2,2,2,2,1,2,5,2,2,2,4,2,3
6.1.1.1,5,5,1,1,2.23,2,2,2,2.75,2.02,2,3,2.16,4,3,2.99,2.02,3,3,3.07,3,3,3,2.97,3,3.05,3,3,4,3,3,2,3,2.69,4,2,2,2.01,2,3,3,2,3,3,3.15,3,6.03,2,4,2.19,2.63,2,4.12
6.1.1.10,3,7,4,2,2.99,3,2,3,3,3,3.11,4,4,3,3,3,2.62,3,3,3.08,3,3,3,3,3,3.99,2.89,4,4,2.05,4,6,3,3.03,5,2,3.97,4,3,3,3,2,3,4,3,5,6,3.95,3,4,3,3,4
6.1.1.11,2,5,2,3,3,6,7,5.11,2,3,3,2.4,3.01,3,3,2.94,2.89,3,3,4,3,3,2.88,2,3,2,2,3,4,4,4,2,5,3,4,5.14,4,3,2.28,4,7,5.04,2,3,3,3.14,3.01,2,4,3,2.88,3,3.64
6.1.1.14,5,6,3,2,4,7,8,6.18,3,4,4,4,4,4,3,3,4,4,3.47,5,4.93,4,4,3.32,3,4.99,3,4,3,3,3.79,3,3,5,4,3,3.2,4,5,5,3,4,3,4,3,5,7,3,3,3,3,4,5
6.1.1.15,7,8,9,5,9,5,8,8,10,10,10,10,10,10,10,10,10,10,10,10,10,10,10,10,10,10,10,10,10,9,9,10,10,9,10,9,9,10,10,10,10,10,9,10,10,10,10,10,10,10,10,10,9
6.1.1.16,2,5,1,2,4,2,7,2,4,3,3,4,4,3,3,3.03,3,2,2.83,4,3.97,4,2.01,3,3,3,2.01,3,2.98,2.98,4,2,4,3,4,2,2.68,2,2,3,3,3,2.75,3.61,2.05,5,5,3,2.02,3,3,3.96,3
6.1.1.17,4,6,2,1,3.06,5,2,3.18,2,2.42,3,2,2,3,2.22,2,3,2,3,4,3,3,3.26,3,2,2.99,2,3,3,3,3,3,3,3,2.75,2.05,2,2,3,3,4,3,4,3,2.05,4,4,2,2.1,2,2,2.1,5
6.1.1.18,1,5,1,1,2,2,4,2,2.17,3,3,3,4,4,2.65,2,2,3,2,3,2,2.95,2,3,3,4.99,2,3,2,2.97,5,2,3,2,2,2,3,2,1.96,2,4,2,2.59,3,1,4,4,2,2.42,2,2,3,3.19
6.1.1.19,4,7,3.59,1,4.95,4.85,3,2,3,3,4,3,3,5,2.54,3,3,3,3,4,4.97,3,3,3,3,3,4,4,4,4.37,4,5,3,3,5,6,3,2.98,3,3,2.21,4,4,4,5,5,6,3.99,3,3,3,5,4
6.1.1.2,5,5,3,1,4,6.44,4,3,3.84,3,2,2,2.18,2,2.01,3,2.02,4,3,3,2.98,4,2,2.96,3,3,2,3,3,2,2.01,2,2.92,2,4,2,2.44,2,2,2,3,1,3.3,2.67,2.02,5,4,2.04,4,2,2,2,3
6.1.1.20,4,6,2.3,2.27,5,4,6.99,4,4.02,4,4.9,4,5,5,4,4,4,5,4,5,4.98,4,4,5,4,4.99,5,5,5,5.81,5,3,5,5,5,2.38,4,3,5,4,4,4,5,5,4.87,5,7,4,4,4,3,5,5
6.1.1.21,2.58,5,2,2,5,3,2,6,3,3.06,3.41,3,3,4,3,3.15,3,4,3.83,3.98,4,3.86,3,3,3,3.99,5,3.9,4,3,2.05,4,3,3.01,7,2,2,7,2,3.81,4.01,3,2.95,4,4,4,5,3,4,2.04,3,3,4
6.1.1.22,4,7,1,1,4,3,1,2,3,2.83,3,2.72,2,4,2,2,2,3,2,2,2.99,3,2,2,2,2,1,2,2,2,3,2,3,3,3,1,1.99,2,2,3,2,2,4,3,2,5,2,3,2,2,2,3.97,2
6.1.1.3,5,7,3,1,5,2,5,1,2,3,4,3,4,3,3,3.12,3,3.27,2,4.91,4.97,4,3,3.23,2,4,3,3,3,2.53,3.24,6,4,4,4,2,5.95,2,2,3,3,2,3,3.96,2.06,6,5,2,3,5,3,3,4.01
6.1.1.4,5,7,1,2,4,2,7,3,4,3.96,4,3.89,4.01,3,3,3,4,3,3,5,4.03,5,3,3.92,3.94,4,3,4,4,3.61,4.04,2.02,4,4,4,2.02,3,2,3,3.01,3,3,2.99,3.94,2.03,5,6,3,2.47,3,3,3,5
6.1.1.5,5,6,3,3,5,3,4,7,4,4,5.71,4,5,5.32,3,4,3.78,4,3.46,5,4,4,3,4,3,3.99,3.78,4,4.07,4,4,4,4,4,4,2.99,4,3,4,5,6,5,5,5,4,5,7,3,2.83,6,3,5,5
6.1.1.6,4,8,7,2,4,3,7,7,3,3,3,4,5,4,3,3,3,3.01,3,4,3.76,3,3.99,3,3,3.01,3,3,3,2.76,4,2,4,3.35,5,2,2,2,2,5,3,2,3,3,3,5,5,3,3,3,2.7,3,4
6.1.1.7,5,8,2,2,5,3,5,4,5,5,5,5,5.53,6,4,4,5,4,4,6,5.97,5,5,5,5,5.99,5,5.89,5,4.77,5,3,3.99,4,5,2.99,3.15,4,3,5,5,4,4,5,5,5,7,4,3.53,5,4,5.99,5
6.1.1.9,4,7,4,2,3.8,4,6,2,3,3,4.94,4,3,3,3,3,3,2.99,3,4.89,3.98,4,3,3.11,3,3.99,3,4,3,4,5,2.85,3,5,5,2,3.11,2,3,3,3,3,5,4.04,5,4,7,3,3,5,3,3,4
6.2.1.1,1,1,4,1,3.03,2,5,4,3,2,2,3,2,2.94,2.85,4,2,4,2.87,4,2.93,3.49,3,5,2,2.99,2.5,2,5,2,3,3.82,2,2,3.8,2,4.94,3,2,8,4,3.79,3,3.99,3,4,8,2,2.07,3,3,4,4
6.2.1.16,1,2,1,1,2,6,4,2,2,2.35,3,2,2.99,3,2,2,3,2.99,2.99,4,2,2,2,2,3,3,2.07,2,2,3,2,2,3,2,2,2,2,2,2,6,3,1,3.93,2,3,3,5,3,2,3,2,2,2
6.2.1.17,1,1,1,1,4,7,2.36,4,2,2,4,2,2,1,1,1,1,2,1,2,2,3,2,3,2,2,2,2,2,1,2,2,1.96,3,2,1,3,2,1.91,4.06,4,1,2,2,2,4,2,2,3,2.12,3,2.96,2
6.2.1.26,1,2,4,2,3,2,4,3,2,3,3,3,3,2,2.99,2,3,3,2.52,4,3,3,3,3,2.64,3,2,4,5,3,2.98,5,5,4,1,2,2.14,3,2,2,3.01,2,4,4.09,1,5,3,2.42,2,2,2,3,2.03
6.2.1.3,2,2,2,3,2,4,2,3,2,3.79,2.05,3,2.1,2,4,2,3,2.01,2,4,3,3,2.85,3.69,3,4,2.89,3,2,2,3,4,4,2,3,2,2,3.35,2,2,3,1,2.61,2,2,3,6,3,2.02,2.72,4,4,3
6.2.1.5,3,5,4,4,5,3,7,7,3,4,5,5,5,3,3.76,3,3.84,4,3,5,4,4,3.72,4,3,3.99,3,4,5,4,4,8,4,4,4,3,5,3,5,4,5.1,4,5,4,3,5,8,3,4,3,3,3.48,5
6.3.1.1,1,4,1,1,1,3,2,1.01,1,1,2,2,1,1,1,3,1,1,1,2,1,1,2,1,1,1,7,1,2,1,2,1,2.07,3,2,1,1.99,1,1.94,2,1,2,2,1,1,2,1,1,1,1,2,1,2
6.3.1.2,4,8,2,2,5,3,3,4,4,4,4,5,4,5,3,4,3,4,3,5,4,5,3,4,3,3.99,3,4,4.05,4,4.86,3,4,5,5,2.62,5,5,3.57,4,4,5,3.93,4,5,7,9,3,3.09,5,3,7,4.32
6.3.1.20,4,5,1,2,2,7,2,2,3,4,3,3,3,2,3,2.05,4,3,3,3.17,3.86,2,3,3,3.02,3.99,3,4,2,2.02,2,2,2,2,2,2,2,2,3,2,1,2.8,2,3,3,3,2,2.98,2,2.64,3,3,2
6.3.1.5,1,5,1,1,2,2,3,2,2,2,2,2,2,3,2,2,2,2.98,2,2,2,2.11,3,2.01,2,2.99,2,2,3,2,2,2,2,2,2,1.6,1.8,2,2,2,2,1,2,2,3,3.97,4,2,1,2,2,2,2
6.3.2.1,1,2,2,2,2,2,2,3.93,4,4,4,4,4,3,3,3,4,4,3,4,4,3.13,4,4,4,4.99,3,5,4,5,6,2,3,3.04,4,2.04,2.05,2,2.44,3,3,2,2.99,4,4,3,6,4,2.68,3,3,4,4
6.3.2.10,3,6,1,1,5,2.04,3,3,4,4,3,4,4,2.86,3,2.75,4,3,4,4,4,3,4,4,3,4.99,3,4,3,4,4,2.01,3,4,5,2.99,3.23,2.82,2,4,5.46,2,3,2.87,5,5,6.01,4,3,4,7,6.97,4
6.3.2.17,2,6,2,1,3,7,3,3.07,3,3,3,2.58,3,3,3,3,3,3.14,3,4,3.45,3.34,3,4,3,3,3,4,3,3,3,2.01,5,3.36,4,3,2.29,2,4,3,4,2,2,4,3,3,6,3,3.01,3,3,3,3.26
6.3.2.2,1,3,3,1,5,2,2,5,5,4,3,3.59,4,6,4,2.73,4,4,3,4,4.97,3,4,4,3.57,4.99,4,4,4,3.01,3.99,3,4,4.97,4,2.86,3.37,3,3,3,3,4,4,4,4,4.43,7,3,2.63,3,3,4,3.34
6.3.2.3,1,1,1,1,2,2.66,2,2,2,3,2,2,2,2,2,2,2,1,2,2.02,2,3,2,4,2,2,2,2,2.89,2,2,2,2,1,2,2,1.98,2,4,2,2,2,2,2,1,3,5,2,2,2.01,2,2,2
6.3.2.4,2,5.79,4,1,4,2,2,4,4,4,4,4,4.32,3,3.94,3.9,4,3,3.73,5,4.97,3.34,4,4,4,4.99,6,5,2.92,3.11,4.98,2.51,3,3.79,3.59,3,2.56,2,2,3,3,2.07,3,4,3,3,7,3,3,5,4,4,4
6.3.2.5,1,4,1,1,4,2,2,2,3,2,2,2,2.85,2,2,1,3,1,2,2,2.02,2,2,2,2,2,2,2.02,3.01,2,2.06,2,2,2.01,2.25,1.53,3,2,2,1.01,1.01,1,2,2.15,1,3,2,2,2,1,2,2,3
6.3.2.6,1,4,1,1,2,2,2,2,2,2,3,2,2,2,2,2,2,2,2,3,2,1,2,2,2,2.07,2,1,2,2.98,2,2,3,2.2,3,1.89,2,2.01,2,2,2,2,2,2.15,2,3,3,2,3,1,2,2,3
6.3.2.8,6,6.99,6,1,2,2,2,3,3,3,3.95,3,3.02,3,2.79,2,3,2,2,3.98,3.78,3,3,2.9,3,3,3.47,3,3,3.45,3.09,5,3,3,3,2.05,2.33,3,2,3,2.95,2,2,2,2,2.01,6,2,3,2,3,2.77,3.15
6.3.2.9,4,5,1,2,4,4,3,2,4,4,4,3,4,3,4,2,4,3,3,4,3.12,3,4,4,3,3.99,4,4,5,3,4.81,3,5,4,4,2,3,3,3,3,4.38,2,3,4,3,4,6,3,3,2,3,3.38,4
6.3.3.1,1,3,1,2,2,2,2,4,2,2,2,3,2,2,2,3,3.15,2,2,3,2,3,2.74,2,4,3.22,1,3,3,4,2,2,2.4,3.57,4,2,5,2,2,2,5,2,4,3,3,3.98,3,2,2,2,2,2,2.63
6.3.3.3,3,2,4,3,4.08,2,3,2,4,4,4,4,4.78,3,3,3,3,4,3,5,4.99,4,3.36,4,4,4.99,3,4,4,4,3.1,2.99,2,4,3,4,3,3.03,2,3.59,4,2.13,4,5,4,5,5,4,2.39,3,5,5.44,4
6.3.4.13,1,3,1,2,2,5,2,2,2,3,2,2,3,2,2,1,2,2,2,3,2.98,3,4.01,3,2.98,2.99,4,3,3.62,2.98,3,3,4,2,3.07,2,3.59,2,5.02,2,3,2,2.29,3,2,4,5.01,3,2,2.09,2,2,3
6.3.4.15,6,6.77,2,2,4.98,2,4,3,3,4,4,3,3,4,3,2,3,2.92,3,3,4,3,3,3,3,4,4,3.57,3,2.99,4,2,3,4,5,3,3,3,2,3,2,2.1,3,4,4,3,4,2,2,3,3,3,3.97
6.3.4.2,4,5,7,2,4,3,3,5,2,2,4,2,3,3,4,2,2,4,2,3.95,3.06,2,2,2.44,3,3,2,2,3.05,3,3,2,3.97,3,4.81,1.99,5,4.01,2,3,4,2,2,2.07,2.07,3,6,2,2.97,2,2.01,2,3.02
6.3.4.20,1,3,2,2,3,2,2,2,2,2,2,2,2,1,2,1,2,2,1,2.97,2,2,2,2,2,2,1,2,1,2,2.93,2,2,2,2,2,2,3.06,2,2,2,2,2.02,2,1,1,3,1,2,2,2,2,2
6.3.4.21,2,5,2,2,6,2,6,3,3,3,3,2.53,3,3,2.29,2.99,3,3,2,3,2,4,5,3,2,2.97,2,3,5,3,5,2.02,3,5,3,6.56,3.7,5,2.49,4,3,2,4.65,3,4,8,6,4,3,4,2,7,4.02
6.3.4.3,2.46,6,2,1,4,4,2,2,3,3,3,3,4,4,2,3,3,3,2,2,2.02,3,2.9,5,2.77,4,2.02,3,4,2,3,1.97,3,4,4,2,3,2,2,2,2,5,3.1,3,4,4,2,2.27,1.99,3,2,2.36,2
6.3.4.4,8,8,6,4,7,5,4,5,4,4.35,4,4,5,6,4.95,4.08,4,5,5,6,5,4.97,4.02,4.89,4.57,4.99,5,4,6,7,7,6,5,6,6,5.99,6,5,5.34,4,5,4,7,7,7,6,6,4,5,4,4,6.97,6
6.3.4.5,1,2.8,1,1,4,4,9,3.03,2.54,3,2,2,2,5,2,2,3,2,2,3,3.97,3,2.74,3,1,2.23,2,3,4,4,4,2,8,3,3,4,3.05,3,3,2,2.01,2,4,4,2,2,4,3,2,2,2,5.97,5
6.3.5.2,2.51,6,1,1,3,5,3,4,2,2,3,2,2.06,2.05,3.03,2,2.25,2.02,2,3.89,4.01,2,2,3,2,2.24,1,2.98,2,2.01,3,4,3,3,4,2,3,3,2,3,3,2,2.02,2,2,3.87,5,2,4,3,2,2,3
6.3.5.3,1,5,2,2,3.09,7,3,4.01,3,3,2.98,3,3,3,3,3,3,2,2.55,4,3.98,3,3,3,3.94,3,3,3,4,4,4.65,3,3,3,5,2.12,3.03,4,2.96,5,4,4,3.85,3.98,4,3.3,7,2,7,3,6,3.97,5
6.3.5.4,3,2,1,1,3.09,2,2,2,3,4,3,3,3,2.42,3,4,3,3,3,5,4,3,3,3,3,3.72,5,3.99,4,4.87,4,2,3,4,4,2,2.01,3,2,3,3,2,4,3.99,4,3,9,3,3,3,3,3,3
6.3.5.5,3,7,2,1,4,5,3.03,7,3,3.86,4,4,4.07,6,3,3,4,3,3,5,3.67,3,4,4,3,4.58,5,4.58,4.97,4,4,2.53,4,4,5,2.01,3,3,3,7,5,2,5.01,5,4,4,7.18,3,3,4,3,3,5
6.3.5.7,4,6,7,2,5,2.55,5.45,4,5,5,5,5,5,3.96,4,4,5,4,5,6,5.55,5,4,5,4.93,5.99,4,5,5,5,4.79,4,5,5,5,3,5,4,4.02,5,4,4,5,5,5,6,9,4,4,4.05,4,5.63,5.16
6.4.1.1,2,5,2,1,4,4,2.33,2,3,2,2,3,2.96,3,3,2,3,2.98,3,4,3,3,2.07,3,2,3,2,4,3,2.32,2,2,3,3.03,3.97,2,2.75,2.01,2,2,3.95,2,5,3,3,3,7,2,3,2,2,2,3
6.4.1.2,2.52,8,4,2,5,6,6,6,5,5,5,5,5.07,5,4,4,5,4,4,6,5.98,5,4.84,5,5,5.99,4,6,5,5,5,4,4.99,5,5,5,4,4,3,4,5,4,5,5,5,6,9,4,6.33,4,4,5.97,6
6.6.1.1,5,3.61,4.91,4,6,3,4,4,9,8,8,9,9,9,8,8,8.41,8.67,8,9,9,9,8,9,8,9,9,9,6,6.78,6,3,4,6,6,6,6,5,6,6,5,6,6.97,6,6.09,6,7,9,4,9,7,9,6
6.6.1.2,1,1,6.05,1,2.99,2,2,2,3.37,2,2.02,2,2.85,2,2.3,2,2.18,2,3,4,3,2,3,3,2,2.68,2,3,3.72,3,2.94,2,2.5,3.39,2.99,2,3,2,2,2,2,2,4,4,3,3,2,2,2.29,2,2,2,4
